"acfrequency";"T";"r Pin";"i Pin"
1e+08;-55;5.88224e-07;0.00295463
1.198e+08;-55;8.44363e-07;0.00354045
1.396e+08;-55;1.14695e-06;0.0041267
1.594e+08;-55;1.49613e-06;0.00471346
1.792e+08;-55;1.89207e-06;0.00530079
1.99e+08;-55;2.33497e-06;0.00588878
2.188e+08;-55;2.82505e-06;0.00647749
2.386e+08;-55;3.36255e-06;0.00706699
2.584e+08;-55;3.94774e-06;0.00765736
2.782e+08;-55;4.58089e-06;0.00824868
2.98e+08;-55;5.26234e-06;0.00884102
3.178e+08;-55;5.99241e-06;0.00943444
3.376e+08;-55;6.77147e-06;0.010029
3.574e+08;-55;7.5999e-06;0.0106249
3.772e+08;-55;8.47813e-06;0.011222
3.97e+08;-55;9.40658e-06;0.0118206
4.168e+08;-55;1.03857e-05;0.0124206
4.366e+08;-55;1.14161e-05;0.0130222
4.564e+08;-55;1.24981e-05;0.0136254
4.762e+08;-55;1.36325e-05;0.0142303
4.96e+08;-55;1.48196e-05;0.014837
5.158e+08;-55;1.60602e-05;0.0154456
5.356e+08;-55;1.73549e-05;0.0160561
5.554e+08;-55;1.87043e-05;0.0166686
5.752e+08;-55;2.01091e-05;0.0172833
5.95e+08;-55;2.15701e-05;0.0179001
6.148e+08;-55;2.30881e-05;0.0185193
6.346e+08;-55;2.46638e-05;0.0191408
6.544e+08;-55;2.6298e-05;0.0197648
6.742e+08;-55;2.79916e-05;0.0203913
6.94e+08;-55;2.97455e-05;0.0210204
7.138e+08;-55;3.15607e-05;0.0216523
7.336e+08;-55;3.3438e-05;0.022287
7.534e+08;-55;3.53786e-05;0.0229246
7.732e+08;-55;3.73834e-05;0.0235652
7.93e+08;-55;3.94536e-05;0.0242089
8.128e+08;-55;4.15903e-05;0.0248558
8.326e+08;-55;4.37946e-05;0.025506
8.524e+08;-55;4.60678e-05;0.0261596
8.722e+08;-55;4.84112e-05;0.0268167
8.92e+08;-55;5.0826e-05;0.0274774
9.118e+08;-55;5.33136e-05;0.0281418
9.316e+08;-55;5.58754e-05;0.02881
9.514e+08;-55;5.85128e-05;0.0294821
9.712e+08;-55;6.12275e-05;0.0301582
9.91e+08;-55;6.40209e-05;0.0308385
1.0108e+09;-55;6.68946e-05;0.0315231
1.0306e+09;-55;6.98505e-05;0.032212
1.0504e+09;-55;7.28901e-05;0.0329054
1.0702e+09;-55;7.60153e-05;0.0336034
1.09e+09;-55;7.9228e-05;0.0343062
1.1098e+09;-55;8.253e-05;0.0350138
1.1296e+09;-55;8.59235e-05;0.0357264
1.1494e+09;-55;8.94105e-05;0.0364441
1.1692e+09;-55;9.29931e-05;0.0371671
1.189e+09;-55;9.66736e-05;0.0378954
1.2088e+09;-55;0.000100454;0.0386293
1.2286e+09;-55;0.000104337;0.0393689
1.2484e+09;-55;0.000108326;0.0401142
1.2682e+09;-55;0.000112421;0.0408656
1.288e+09;-55;0.000116627;0.041623
1.3078e+09;-55;0.000120947;0.0423867
1.3276e+09;-55;0.000125381;0.0431568
1.3474e+09;-55;0.000129935;0.0439335
1.3672e+09;-55;0.000134611;0.044717
1.387e+09;-55;0.000139411;0.0455074
1.4068e+09;-55;0.00014434;0.0463049
1.4266e+09;-55;0.000149401;0.0471096
1.4464e+09;-55;0.000154597;0.0479218
1.4662e+09;-55;0.000159932;0.0487416
1.486e+09;-55;0.00016541;0.0495693
1.5058e+09;-55;0.000171034;0.050405
1.5256e+09;-55;0.000176809;0.0512489
1.5454e+09;-55;0.000182739;0.0521013
1.5652e+09;-55;0.000188829;0.0529622
1.585e+09;-55;0.000195082;0.0538321
1.6048e+09;-55;0.000201505;0.054711
1.6246e+09;-55;0.000208101;0.0555992
1.6444e+09;-55;0.000214876;0.056497
1.6642e+09;-55;0.000221835;0.0574046
1.684e+09;-55;0.000228983;0.0583222
1.7038e+09;-55;0.000236327;0.05925
1.7236e+09;-55;0.000243873;0.0601884
1.7434e+09;-55;0.000251626;0.0611377
1.7632e+09;-55;0.000259593;0.062098
1.783e+09;-55;0.00026778;0.0630697
1.8028e+09;-55;0.000276196;0.064053
1.8226e+09;-55;0.000284846;0.0650484
1.8424e+09;-55;0.000293739;0.066056
1.8622e+09;-55;0.000302883;0.0670762
1.882e+09;-55;0.000312285;0.0681093
1.9018e+09;-55;0.000321955;0.0691557
1.9216e+09;-55;0.0003319;0.0702157
1.9414e+09;-55;0.000342131;0.0712897
1.9612e+09;-55;0.000352657;0.072378
1.981e+09;-55;0.000363489;0.0734811
2.0008e+09;-55;0.000374636;0.0745993
2.0206e+09;-55;0.00038611;0.075733
2.0404e+09;-55;0.000397922;0.0768827
2.0602e+09;-55;0.000410085;0.0780488
2.08e+09;-55;0.00042261;0.0792318
2.0998e+09;-55;0.000435512;0.080432
2.1196e+09;-55;0.000448803;0.0816501
2.1394e+09;-55;0.000462498;0.0828864
2.1592e+09;-55;0.000476612;0.0841416
2.179e+09;-55;0.00049116;0.0854161
2.1988e+09;-55;0.00050616;0.0867105
2.2186e+09;-55;0.000521628;0.0880254
2.2384e+09;-55;0.000537582;0.0893614
2.2582e+09;-55;0.000554042;0.0907191
2.278e+09;-55;0.000571026;0.0920991
2.2978e+09;-55;0.000588557;0.093502
2.3176e+09;-55;0.000606655;0.0949287
2.3374e+09;-55;0.000625343;0.0963797
2.3572e+09;-55;0.000644647;0.0978559
2.377e+09;-55;0.00066459;0.099358
2.3968e+09;-55;0.0006852;0.100887
2.4166e+09;-55;0.000706504;0.102443
2.4364e+09;-55;0.000728532;0.104028
2.4562e+09;-55;0.000751316;0.105642
2.476e+09;-55;0.000774887;0.107286
2.4958e+09;-55;0.00079928;0.108962
2.5156e+09;-55;0.000824531;0.110669
2.5354e+09;-55;0.00085068;0.11241
2.5552e+09;-55;0.000877765;0.114186
2.575e+09;-55;0.00090583;0.115997
2.5948e+09;-55;0.00093492;0.117844
2.6146e+09;-55;0.000965084;0.11973
2.6344e+09;-55;0.00099637;0.121655
2.6542e+09;-55;0.00102883;0.123621
2.674e+09;-55;0.00106253;0.125629
2.6938e+09;-55;0.00109752;0.127681
2.7136e+09;-55;0.00113387;0.129778
2.7334e+09;-55;0.00117164;0.131922
2.7532e+09;-55;0.00121091;0.134114
2.773e+09;-55;0.00125176;0.136357
2.7928e+09;-55;0.00129425;0.138652
2.8126e+09;-55;0.00133849;0.141002
2.8324e+09;-55;0.00138457;0.143408
2.8522e+09;-55;0.00143257;0.145872
2.872e+09;-55;0.00148261;0.148398
2.8918e+09;-55;0.0015348;0.150987
2.9116e+09;-55;0.00158926;0.153642
2.9314e+09;-55;0.00164612;0.156366
2.9512e+09;-55;0.00170551;0.159161
2.971e+09;-55;0.00176758;0.162031
2.9908e+09;-55;0.00183249;0.164979
3.0106e+09;-55;0.00190041;0.168009
3.0304e+09;-55;0.00197152;0.171122
3.0502e+09;-55;0.00204601;0.174325
3.07e+09;-55;0.0021241;0.17762
3.0898e+09;-55;0.00220602;0.181012
3.1096e+09;-55;0.002292;0.184506
3.1294e+09;-55;0.00238232;0.188105
3.1492e+09;-55;0.00247727;0.191816
3.169e+09;-55;0.00257714;0.195644
3.1888e+09;-55;0.00268229;0.199595
3.2086e+09;-55;0.00279307;0.203674
3.2284e+09;-55;0.00290988;0.207889
3.2482e+09;-55;0.00303317;0.212246
3.268e+09;-55;0.00316339;0.216753
3.2878e+09;-55;0.00330108;0.221419
3.3076e+09;-55;0.00344678;0.226252
3.3274e+09;-55;0.00360112;0.231261
3.3472e+09;-55;0.00376479;0.236456
3.367e+09;-55;0.00393852;0.241849
3.3868e+09;-55;0.00412314;0.247451
3.4066e+09;-55;0.00431955;0.253275
3.4264e+09;-55;0.00452876;0.259334
3.4462e+09;-55;0.00475188;0.265643
3.466e+09;-55;0.00499013;0.272219
3.4858e+09;-55;0.0052449;0.279079
3.5056e+09;-55;0.0055177;0.286243
3.5254e+09;-55;0.00581025;0.29373
3.5452e+09;-55;0.00612445;0.301564
3.565e+09;-55;0.00646245;0.30977
3.5848e+09;-55;0.00682668;0.318376
3.6046e+09;-55;0.00721985;0.327412
3.6244e+09;-55;0.00764507;0.336911
3.6442e+09;-55;0.00810585;0.34691
3.664e+09;-55;0.00860619;0.35745
3.6838e+09;-55;0.00915068;0.368577
3.7036e+09;-55;0.00974457;0.380342
3.7234e+09;-55;0.0103939;0.392802
3.7432e+09;-55;0.0111058;0.40602
3.763e+09;-55;0.0118882;0.420069
3.7828e+09;-55;0.0127509;0.43503
3.8026e+09;-55;0.0137048;0.450995
3.8224e+09;-55;0.0147632;0.468069
3.8422e+09;-55;0.0159417;0.486374
3.862e+09;-55;0.017259;0.506047
3.8818e+09;-55;0.0187373;0.527248
3.9016e+09;-55;0.0204037;0.550164
3.9214e+09;-55;0.0222912;0.575011
3.9412e+09;-55;0.0244401;0.602046
3.961e+09;-55;0.0269005;0.631571
3.9808e+09;-55;0.0297348;0.663947
4.0006e+09;-55;0.033022;0.699607
4.0204e+09;-55;0.036863;0.73908
4.0402e+09;-55;0.0413881;0.783011
4.06e+09;-55;0.0467682;0.832197
4.0798e+09;-55;0.0532309;0.887643
4.0996e+09;-55;0.0610844;0.950618
4.1194e+09;-55;0.0707544;1.02276
4.1392e+09;-55;0.0828417;1.10623
4.159e+09;-55;0.0982165;1.20389
4.1788e+09;-55;0.118176;1.31967
4.1986e+09;-55;0.144723;1.45908
4.2184e+09;-55;0.181077;1.63006
4.2382e+09;-55;0.232672;1.8445
4.258e+09;-55;0.30926;2.12095
4.2778e+09;-55;0.429722;2.48975
4.2976e+09;-55;0.634373;3.00352
4.3174e+09;-55;1.0213;3.75876
4.3372e+09;-55;1.87508;4.93339
4.357e+09;-55;4.22376;6.70102
4.3768e+09;-55;11.4362;6.2528
4.3966e+09;-55;11.995;-5.85707
4.4164e+09;-55;4.49273;-6.8231
4.4362e+09;-55;1.98739;-5.05696
4.456e+09;-55;1.0831;-3.86217
4.4758e+09;-55;0.675194;-3.0942
4.4956e+09;-55;0.459827;-2.57279
4.5154e+09;-55;0.333049;-2.19921
4.5352e+09;-55;0.252345;-1.91961
4.555e+09;-55;0.197869;-1.70299
4.5748e+09;-55;0.159387;-1.53045
4.5946e+09;-55;0.131204;-1.3899
4.6144e+09;-55;0.109946;-1.27325
4.6342e+09;-55;0.0935152;-1.17491
4.654e+09;-55;0.0805512;-1.09092
4.6738e+09;-55;0.0701413;-1.01834
4.6936e+09;-55;0.0616544;-0.955025
4.7134e+09;-55;0.0546432;-0.899298
4.7332e+09;-55;0.0487831;-0.849878
4.753e+09;-55;0.0438344;-0.805753
4.7728e+09;-55;0.0396167;-0.766117
4.7926e+09;-55;0.035992;-0.730318
4.8124e+09;-55;0.0328537;-0.697826
4.8322e+09;-55;0.0301179;-0.668202
4.852e+09;-55;0.0277183;-0.641082
4.8718e+09;-55;0.0256017;-0.616163
4.8916e+09;-55;0.0237249;-0.593186
4.9114e+09;-55;0.0220528;-0.571933
4.9312e+09;-55;0.0205565;-0.552216
4.951e+09;-55;0.0192119;-0.533875
4.9708e+09;-55;0.017999;-0.51677
4.9906e+09;-55;0.0169011;-0.500779
5.0104e+09;-55;0.015904;-0.485798
5.0302e+09;-55;0.0149955;-0.471734
5.05e+09;-55;0.0141654;-0.458504
5.0698e+09;-55;0.0134048;-0.446036
5.0896e+09;-55;0.0127061;-0.434266
5.1094e+09;-55;0.0120626;-0.423136
5.1292e+09;-55;0.0114687;-0.412597
5.149e+09;-55;0.0109193;-0.402601
5.1688e+09;-55;0.0104101;-0.393107
5.1886e+09;-55;0.00993714;-0.384079
5.2084e+09;-55;0.00949703;-0.375483
5.2282e+09;-55;0.00908678;-0.367289
5.248e+09;-55;0.0087037;-0.359468
5.2678e+09;-55;0.00834542;-0.351996
5.2876e+09;-55;0.00800982;-0.34485
5.3074e+09;-55;0.00769499;-0.338008
5.3272e+09;-55;0.00739923;-0.331452
5.347e+09;-55;0.00712101;-0.325164
5.3668e+09;-55;0.00685896;-0.319128
5.3866e+09;-55;0.00661181;-0.313328
5.4064e+09;-55;0.00637846;-0.307752
5.4262e+09;-55;0.00615786;-0.302385
5.446e+09;-55;0.0059491;-0.297218
5.4658e+09;-55;0.00575133;-0.292238
5.4856e+09;-55;0.00556378;-0.287435
5.5054e+09;-55;0.00538575;-0.2828
5.5252e+09;-55;0.00521659;-0.278325
5.545e+09;-55;0.0050557;-0.274001
5.5648e+09;-55;0.00490256;-0.269821
5.5846e+09;-55;0.00475667;-0.265777
5.6044e+09;-55;0.00461755;-0.261863
5.6242e+09;-55;0.0044848;-0.258073
5.644e+09;-55;0.00435803;-0.2544
5.6638e+09;-55;0.00423687;-0.25084
5.6836e+09;-55;0.00412099;-0.247387
5.7034e+09;-55;0.00401008;-0.244036
5.7232e+09;-55;0.00390386;-0.240783
5.743e+09;-55;0.00380205;-0.237624
5.7628e+09;-55;0.00370443;-0.234554
5.7826e+09;-55;0.00361074;-0.23157
5.8024e+09;-55;0.00352079;-0.228668
5.8222e+09;-55;0.00343437;-0.225844
5.842e+09;-55;0.00335129;-0.223097
5.8618e+09;-55;0.00327139;-0.220421
5.8816e+09;-55;0.00319449;-0.217816
5.9014e+09;-55;0.00312044;-0.215277
5.9212e+09;-55;0.00304911;-0.212803
5.941e+09;-55;0.00298035;-0.210391
5.9608e+09;-55;0.00291405;-0.208038
5.9806e+09;-55;0.00285009;-0.205742
6.0004e+09;-55;0.00278834;-0.203502
6.0202e+09;-55;0.00272872;-0.201315
6.04e+09;-55;0.00267112;-0.199179
6.0598e+09;-55;0.00261545;-0.197093
6.0796e+09;-55;0.00256162;-0.195054
6.0994e+09;-55;0.00250955;-0.193062
6.1192e+09;-55;0.00245916;-0.191114
6.139e+09;-55;0.00241038;-0.18921
6.1588e+09;-55;0.00236313;-0.187346
6.1786e+09;-55;0.00231736;-0.185524
6.1984e+09;-55;0.00227301;-0.18374
6.2182e+09;-55;0.00223;-0.181993
6.238e+09;-55;0.00218829;-0.180284
6.2578e+09;-55;0.00214782;-0.178609
6.2776e+09;-55;0.00210855;-0.176969
6.2974e+09;-55;0.00207042;-0.175362
6.3172e+09;-55;0.00203339;-0.173787
6.337e+09;-55;0.00199742;-0.172243
6.3568e+09;-55;0.00196246;-0.170729
6.3766e+09;-55;0.00192848;-0.169245
6.3964e+09;-55;0.00189545;-0.167789
6.4162e+09;-55;0.00186331;-0.166361
6.436e+09;-55;0.00183205;-0.16496
6.4558e+09;-55;0.00180162;-0.163584
6.4756e+09;-55;0.00177201;-0.162234
6.4954e+09;-55;0.00174317;-0.160909
6.5152e+09;-55;0.00171509;-0.159608
6.535e+09;-55;0.00168773;-0.15833
6.5548e+09;-55;0.00166106;-0.157074
6.5746e+09;-55;0.00163508;-0.155841
6.5944e+09;-55;0.00160974;-0.154629
6.6142e+09;-55;0.00158504;-0.153438
6.634e+09;-55;0.00156094;-0.152267
6.6538e+09;-55;0.00153743;-0.151116
6.6736e+09;-55;0.00151449;-0.149985
6.6934e+09;-55;0.00149209;-0.148872
6.7132e+09;-55;0.00147023;-0.147777
6.733e+09;-55;0.00144889;-0.146701
6.7528e+09;-55;0.00142804;-0.145641
6.7726e+09;-55;0.00140767;-0.144599
6.7924e+09;-55;0.00138777;-0.143573
6.8122e+09;-55;0.00136832;-0.142564
6.832e+09;-55;0.00134931;-0.14157
6.8518e+09;-55;0.00133072;-0.140592
6.8716e+09;-55;0.00131255;-0.139629
6.8914e+09;-55;0.00129477;-0.13868
6.9112e+09;-55;0.00127739;-0.137746
6.931e+09;-55;0.00126037;-0.136826
6.9508e+09;-55;0.00124373;-0.135919
6.9706e+09;-55;0.00122743;-0.135026
6.9904e+09;-55;0.00121148;-0.134146
7.0102e+09;-55;0.00119587;-0.133278
7.03e+09;-55;0.00118057;-0.132424
7.0498e+09;-55;0.0011656;-0.131581
7.0696e+09;-55;0.00115092;-0.13075
7.0894e+09;-55;0.00113655;-0.129931
7.1092e+09;-55;0.00112247;-0.129124
7.129e+09;-55;0.00110866;-0.128327
7.1488e+09;-55;0.00109513;-0.127542
7.1686e+09;-55;0.00108187;-0.126767
7.1884e+09;-55;0.00106886;-0.126003
7.2082e+09;-55;0.00105611;-0.125249
7.228e+09;-55;0.0010436;-0.124505
7.2478e+09;-55;0.00103133;-0.123771
7.2676e+09;-55;0.0010193;-0.123047
7.2874e+09;-55;0.00100749;-0.122332
7.3072e+09;-55;0.000995897;-0.121627
7.327e+09;-55;0.000984523;-0.12093
7.3468e+09;-55;0.000973358;-0.120243
7.3666e+09;-55;0.000962398;-0.119564
7.3864e+09;-55;0.000951637;-0.118893
7.4062e+09;-55;0.00094107;-0.118231
7.426e+09;-55;0.000930692;-0.117578
7.4458e+09;-55;0.000920499;-0.116932
7.4656e+09;-55;0.000910486;-0.116295
7.4854e+09;-55;0.000900649;-0.115665
7.5052e+09;-55;0.000890983;-0.115042
7.525e+09;-55;0.000881485;-0.114428
7.5448e+09;-55;0.000872151;-0.11382
7.5646e+09;-55;0.000862975;-0.11322
7.5844e+09;-55;0.000853956;-0.112627
7.6042e+09;-55;0.000845089;-0.11204
7.624e+09;-55;0.000836371;-0.111461
7.6438e+09;-55;0.000827797;-0.110888
7.6636e+09;-55;0.000819366;-0.110322
7.6834e+09;-55;0.000811073;-0.109763
7.7032e+09;-55;0.000802916;-0.109209
7.723e+09;-55;0.000794891;-0.108662
7.7428e+09;-55;0.000786996;-0.108121
7.7626e+09;-55;0.000779228;-0.107586
7.7824e+09;-55;0.000771583;-0.107057
7.8022e+09;-55;0.000764059;-0.106534
7.822e+09;-55;0.000756654;-0.106017
7.8418e+09;-55;0.000749365;-0.105505
7.8616e+09;-55;0.000742189;-0.104998
7.8814e+09;-55;0.000735124;-0.104497
7.9012e+09;-55;0.000728168;-0.104002
7.921e+09;-55;0.000721318;-0.103512
7.9408e+09;-55;0.000714572;-0.103026
7.9606e+09;-55;0.000707928;-0.102546
7.9804e+09;-55;0.000701384;-0.102071
8.0002e+09;-55;0.000694938;-0.101601
8.02e+09;-55;0.000688587;-0.101136
8.0398e+09;-55;0.00068233;-0.100675
8.0596e+09;-55;0.000676164;-0.100219
8.0794e+09;-55;0.000670089;-0.0997682
8.0992e+09;-55;0.000664102;-0.0993216
8.119e+09;-55;0.000658201;-0.0988793
8.1388e+09;-55;0.000652385;-0.0984415
8.1586e+09;-55;0.000646652;-0.098008
8.1784e+09;-55;0.000641;-0.0975788
8.1982e+09;-55;0.000635428;-0.0971538
8.218e+09;-55;0.000629935;-0.0967329
8.2378e+09;-55;0.000624518;-0.0963161
8.2576e+09;-55;0.000619176;-0.0959033
8.2774e+09;-55;0.000613908;-0.0954945
8.2972e+09;-55;0.000608712;-0.0950896
8.317e+09;-55;0.000603587;-0.0946885
8.3368e+09;-55;0.000598532;-0.0942911
8.3566e+09;-55;0.000593545;-0.0938975
8.3764e+09;-55;0.000588626;-0.0935076
8.3962e+09;-55;0.000583772;-0.0931213
8.416e+09;-55;0.000578983;-0.0927385
8.4358e+09;-55;0.000574257;-0.0923593
8.4556e+09;-55;0.000569593;-0.0919835
8.4754e+09;-55;0.000564991;-0.0916112
8.4952e+09;-55;0.000560449;-0.0912422
8.515e+09;-55;0.000555965;-0.0908765
8.5348e+09;-55;0.00055154;-0.0905141
8.5546e+09;-55;0.000547171;-0.0901549
8.5744e+09;-55;0.000542858;-0.0897989
8.5942e+09;-55;0.0005386;-0.089446
8.614e+09;-55;0.000534396;-0.0890963
8.6338e+09;-55;0.000530245;-0.0887496
8.6536e+09;-55;0.000526145;-0.0884059
8.6734e+09;-55;0.000522097;-0.0880651
8.6932e+09;-55;0.000518099;-0.0877273
8.713e+09;-55;0.000514151;-0.0873924
8.7328e+09;-55;0.000510251;-0.0870603
8.7526e+09;-55;0.000506399;-0.0867311
8.7724e+09;-55;0.000502593;-0.0864046
8.7922e+09;-55;0.000498834;-0.0860809
8.812e+09;-55;0.00049512;-0.0857598
8.8318e+09;-55;0.000491451;-0.0854415
8.8516e+09;-55;0.000487826;-0.0851258
8.8714e+09;-55;0.000484243;-0.0848126
8.8912e+09;-55;0.000480703;-0.0845021
8.911e+09;-55;0.000477205;-0.084194
8.9308e+09;-55;0.000473748;-0.0838885
8.9506e+09;-55;0.000470331;-0.0835855
8.9704e+09;-55;0.000466954;-0.0832848
8.9902e+09;-55;0.000463616;-0.0829866
9.01e+09;-55;0.000460316;-0.0826908
9.0298e+09;-55;0.000457054;-0.0823973
9.0496e+09;-55;0.00045383;-0.0821062
9.0694e+09;-55;0.000450642;-0.0818173
9.0892e+09;-55;0.00044749;-0.0815307
9.109e+09;-55;0.000444374;-0.0812463
9.1288e+09;-55;0.000441292;-0.0809641
9.1486e+09;-55;0.000438245;-0.0806841
9.1684e+09;-55;0.000435232;-0.0804063
9.1882e+09;-55;0.000432253;-0.0801306
9.208e+09;-55;0.000429306;-0.079857
9.2278e+09;-55;0.000426391;-0.0795855
9.2476e+09;-55;0.000423508;-0.079316
9.2674e+09;-55;0.000420657;-0.0790485
9.2872e+09;-55;0.000417837;-0.0787831
9.307e+09;-55;0.000415047;-0.0785196
9.3268e+09;-55;0.000412287;-0.0782581
9.3466e+09;-55;0.000409556;-0.0779986
9.3664e+09;-55;0.000406855;-0.0777409
9.3862e+09;-55;0.000404182;-0.0774851
9.406e+09;-55;0.000401538;-0.0772312
9.4258e+09;-55;0.000398921;-0.0769792
9.4456e+09;-55;0.000396332;-0.076729
9.4654e+09;-55;0.000393769;-0.0764806
9.4852e+09;-55;0.000391234;-0.0762339
9.505e+09;-55;0.000388724;-0.0759891
9.5248e+09;-55;0.000386241;-0.0757459
9.5446e+09;-55;0.000383783;-0.0755045
9.5644e+09;-55;0.00038135;-0.0752649
9.5842e+09;-55;0.000378942;-0.0750269
9.604e+09;-55;0.000376559;-0.0747905
9.6238e+09;-55;0.000374199;-0.0745558
9.6436e+09;-55;0.000371863;-0.0743228
9.6634e+09;-55;0.000369551;-0.0740914
9.6832e+09;-55;0.000367262;-0.0738615
9.703e+09;-55;0.000364995;-0.0736333
9.7228e+09;-55;0.000362751;-0.0734066
9.7426e+09;-55;0.000360529;-0.0731814
9.7624e+09;-55;0.000358329;-0.0729578
9.7822e+09;-55;0.000356151;-0.0727357
9.802e+09;-55;0.000353994;-0.0725151
9.8218e+09;-55;0.000351858;-0.072296
9.8416e+09;-55;0.000349742;-0.0720783
9.8614e+09;-55;0.000347647;-0.0718621
9.8812e+09;-55;0.000345572;-0.0716473
9.901e+09;-55;0.000343517;-0.071434
9.9208e+09;-55;0.000341481;-0.071222
9.9406e+09;-55;0.000339465;-0.0710115
9.9604e+09;-55;0.000337468;-0.0708023
9.9802e+09;-55;0.00033549;-0.0705945
1e+10;-55;0.000333531;-0.070388
1e+08;-10;2.04567e-06;0.00295463
1.198e+08;-10;2.93721e-06;0.00354045
1.396e+08;-10;3.99042e-06;0.0041267
1.594e+08;-10;5.2058e-06;0.00471345
1.792e+08;-10;6.58396e-06;0.00530079
1.99e+08;-10;8.12557e-06;0.00588877
2.188e+08;-10;9.83138e-06;0.00647747
2.386e+08;-10;1.17023e-05;0.00706697
2.584e+08;-10;1.37391e-05;0.00765734
2.782e+08;-10;1.59429e-05;0.00824865
2.98e+08;-10;1.83148e-05;0.00884098
3.178e+08;-10;2.08559e-05;0.0094344
3.376e+08;-10;2.35676e-05;0.010029
3.574e+08;-10;2.64511e-05;0.0106248
3.772e+08;-10;2.95079e-05;0.011222
3.97e+08;-10;3.27395e-05;0.0118205
4.168e+08;-10;3.61476e-05;0.0124205
4.366e+08;-10;3.97339e-05;0.0130221
4.564e+08;-10;4.35001e-05;0.0136253
4.762e+08;-10;4.74483e-05;0.0142301
4.96e+08;-10;5.15803e-05;0.0148368
5.158e+08;-10;5.58983e-05;0.0154454
5.356e+08;-10;6.04046e-05;0.0160559
5.554e+08;-10;6.51014e-05;0.0166684
5.752e+08;-10;6.99911e-05;0.017283
5.95e+08;-10;7.50763e-05;0.0178998
6.148e+08;-10;8.03596e-05;0.018519
6.346e+08;-10;8.58438e-05;0.0191404
6.544e+08;-10;9.15318e-05;0.0197644
6.742e+08;-10;9.74266e-05;0.0203909
6.94e+08;-10;0.000103531;0.02102
7.138e+08;-10;0.000109849;0.0216518
7.336e+08;-10;0.000116383;0.0222865
7.534e+08;-10;0.000123137;0.022924
7.732e+08;-10;0.000130115;0.0235646
7.93e+08;-10;0.000137321;0.0242082
8.128e+08;-10;0.000144757;0.0248551
8.326e+08;-10;0.000152429;0.0255052
8.524e+08;-10;0.000160341;0.0261587
8.722e+08;-10;0.000168497;0.0268157
8.92e+08;-10;0.000176902;0.0274763
9.118e+08;-10;0.000185559;0.0281407
9.316e+08;-10;0.000194476;0.0288088
9.514e+08;-10;0.000203655;0.0294808
9.712e+08;-10;0.000213103;0.0301569
9.91e+08;-10;0.000222825;0.0308371
1.0108e+09;-10;0.000232827;0.0315215
1.0306e+09;-10;0.000243114;0.0322103
1.0504e+09;-10;0.000253693;0.0329036
1.0702e+09;-10;0.00026457;0.0336015
1.09e+09;-10;0.000275751;0.0343041
1.1098e+09;-10;0.000287243;0.0350116
1.1296e+09;-10;0.000299053;0.0357241
1.1494e+09;-10;0.000311189;0.0364417
1.1692e+09;-10;0.000323657;0.0371645
1.189e+09;-10;0.000336466;0.0378927
1.2088e+09;-10;0.000349623;0.0386264
1.2286e+09;-10;0.000363137;0.0393658
1.2484e+09;-10;0.000377017;0.040111
1.2682e+09;-10;0.000391271;0.0408621
1.288e+09;-10;0.000405908;0.0416194
1.3078e+09;-10;0.000420939;0.0423829
1.3276e+09;-10;0.000436373;0.0431528
1.3474e+09;-10;0.00045222;0.0439293
1.3672e+09;-10;0.000468491;0.0447125
1.387e+09;-10;0.000485197;0.0455026
1.4068e+09;-10;0.00050235;0.0462999
1.4266e+09;-10;0.000519961;0.0471043
1.4464e+09;-10;0.000538042;0.0479163
1.4662e+09;-10;0.000556607;0.0487358
1.486e+09;-10;0.000575669;0.0495632
1.5058e+09;-10;0.00059524;0.0503986
1.5256e+09;-10;0.000615337;0.0512421
1.5454e+09;-10;0.000635972;0.0520941
1.5652e+09;-10;0.000657162;0.0529548
1.585e+09;-10;0.000678923;0.0538242
1.6048e+09;-10;0.000701271;0.0547028
1.6246e+09;-10;0.000724222;0.0555906
1.6444e+09;-10;0.000747796;0.0564879
1.6642e+09;-10;0.00077201;0.0573951
1.684e+09;-10;0.000796884;0.0583122
1.7038e+09;-10;0.000822438;0.0592396
1.7236e+09;-10;0.000848691;0.0601775
1.7434e+09;-10;0.000875667;0.0611262
1.7632e+09;-10;0.000903387;0.0620859
1.783e+09;-10;0.000931875;0.063057
1.8028e+09;-10;0.000961155;0.0640398
1.8226e+09;-10;0.000991252;0.0650345
1.8424e+09;-10;0.00102219;0.0660415
1.8622e+09;-10;0.001054;0.067061
1.882e+09;-10;0.00108672;0.0680934
1.9018e+09;-10;0.00112036;0.069139
1.9216e+09;-10;0.00115496;0.0701983
1.9414e+09;-10;0.00119055;0.0712714
1.9612e+09;-10;0.00122717;0.0723589
1.981e+09;-10;0.00126485;0.0734611
2.0008e+09;-10;0.00130363;0.0745784
2.0206e+09;-10;0.00134354;0.0757111
2.0404e+09;-10;0.00138464;0.0768598
2.0602e+09;-10;0.00142694;0.0780249
2.08e+09;-10;0.00147051;0.0792067
2.0998e+09;-10;0.00151539;0.0804058
2.1196e+09;-10;0.00156162;0.0816227
2.1394e+09;-10;0.00160926;0.0828578
2.1592e+09;-10;0.00165835;0.0841116
2.179e+09;-10;0.00170895;0.0853847
2.1988e+09;-10;0.00176112;0.0866777
2.2186e+09;-10;0.00181492;0.0879911
2.2384e+09;-10;0.00187041;0.0893255
2.2582e+09;-10;0.00192765;0.0906815
2.278e+09;-10;0.00198672;0.0920597
2.2978e+09;-10;0.00204769;0.0934609
2.3176e+09;-10;0.00211062;0.0948856
2.3374e+09;-10;0.00217561;0.0963346
2.3572e+09;-10;0.00224274;0.0978087
2.377e+09;-10;0.00231209;0.0993086
2.3968e+09;-10;0.00238375;0.100835
2.4166e+09;-10;0.00245783;0.102389
2.4364e+09;-10;0.00253442;0.103971
2.4562e+09;-10;0.00261364;0.105582
2.476e+09;-10;0.00269559;0.107224
2.4958e+09;-10;0.00278039;0.108896
2.5156e+09;-10;0.00286818;0.110601
2.5354e+09;-10;0.00295908;0.112339
2.5552e+09;-10;0.00305323;0.114111
2.575e+09;-10;0.00315079;0.115918
2.5948e+09;-10;0.0032519;0.117762
2.6146e+09;-10;0.00335674;0.119644
2.6344e+09;-10;0.00346548;0.121565
2.6542e+09;-10;0.00357831;0.123526
2.674e+09;-10;0.00369541;0.125529
2.6938e+09;-10;0.00381701;0.127576
2.7136e+09;-10;0.00394331;0.129668
2.7334e+09;-10;0.00407456;0.131806
2.7532e+09;-10;0.00421101;0.133993
2.773e+09;-10;0.00435291;0.136229
2.7928e+09;-10;0.00450055;0.138518
2.8126e+09;-10;0.00465423;0.140861
2.8324e+09;-10;0.00481427;0.143259
2.8522e+09;-10;0.00498101;0.145716
2.872e+09;-10;0.00515481;0.148233
2.8918e+09;-10;0.00533607;0.150814
2.9116e+09;-10;0.00552518;0.15346
2.9314e+09;-10;0.0057226;0.156174
2.9512e+09;-10;0.0059288;0.158959
2.971e+09;-10;0.00614429;0.161817
2.9908e+09;-10;0.00636962;0.164753
3.0106e+09;-10;0.00660536;0.16777
3.0304e+09;-10;0.00685215;0.17087
3.0502e+09;-10;0.00711067;0.174059
3.07e+09;-10;0.00738163;0.177338
3.0898e+09;-10;0.00766583;0.180714
3.1096e+09;-10;0.00796412;0.18419
3.1294e+09;-10;0.0082774;0.187771
3.1492e+09;-10;0.00860667;0.191461
3.169e+09;-10;0.008953;0.195268
3.1888e+09;-10;0.00931754;0.199195
3.2086e+09;-10;0.00970156;0.203249
3.2284e+09;-10;0.0101064;0.207437
3.2482e+09;-10;0.0105337;0.211765
3.268e+09;-10;0.0109848;0.216242
3.2878e+09;-10;0.0114618;0.220874
3.3076e+09;-10;0.0119664;0.22567
3.3274e+09;-10;0.0125008;0.230639
3.3472e+09;-10;0.0130673;0.235792
3.367e+09;-10;0.0136685;0.241139
3.3868e+09;-10;0.0143073;0.24669
3.4066e+09;-10;0.0149866;0.252459
3.4264e+09;-10;0.01571;0.258458
3.4462e+09;-10;0.0164813;0.264702
3.466e+09;-10;0.0173046;0.271207
3.4858e+09;-10;0.0181846;0.277988
3.5056e+09;-10;0.0191265;0.285066
3.5254e+09;-10;0.0201362;0.292458
3.5452e+09;-10;0.0212201;0.300188
3.565e+09;-10;0.0223856;0.30828
3.5848e+09;-10;0.0236409;0.316758
3.6046e+09;-10;0.0249951;0.325653
3.6244e+09;-10;0.0264589;0.334994
3.6442e+09;-10;0.028044;0.344818
3.664e+09;-10;0.0297639;0.355163
3.6838e+09;-10;0.0316342;0.366071
3.7036e+09;-10;0.0336724;0.377589
3.7234e+09;-10;0.035899;0.389771
3.7432e+09;-10;0.0383373;0.402674
3.763e+09;-10;0.0410146;0.416365
3.7828e+09;-10;0.0439625;0.430918
3.8026e+09;-10;0.0472181;0.446417
3.8224e+09;-10;0.0508249;0.462955
3.8422e+09;-10;0.0548343;0.480641
3.862e+09;-10;0.0593074;0.499595
3.8818e+09;-10;0.0643172;0.519958
3.9016e+09;-10;0.0699514;0.541891
3.9214e+09;-10;0.0763162;0.565578
3.9412e+09;-10;0.083541;0.591234
3.961e+09;-10;0.0917851;0.619109
3.9808e+09;-10;0.101245;0.649496
4.0006e+09;-10;0.112168;0.682738
4.0204e+09;-10;0.124865;0.719241
4.0402e+09;-10;0.139732;0.75949
4.06e+09;-10;0.157282;0.80406
4.0798e+09;-10;0.178184;0.853642
4.0996e+09;-10;0.203324;0.909068
4.1194e+09;-10;0.233892;0.97134
4.1392e+09;-10;0.271517;1.04166
4.159e+09;-10;0.318459;1.12147
4.1788e+09;-10;0.377919;1.21246
4.1986e+09;-10;0.45452;1.31652
4.2184e+09;-10;0.555068;1.43556
4.2382e+09;-10;0.689773;1.571
4.258e+09;-10;0.874159;1.72238
4.2778e+09;-10;1.13181;1.88397
4.2976e+09;-10;1.49733;2.03674
4.3174e+09;-10;2.01499;2.13059
4.3372e+09;-10;2.71598;2.05298
4.357e+09;-10;3.53367;1.61065
4.3768e+09;-10;4.16503;0.654249
4.3966e+09;-10;4.18543;-0.587157
4.4164e+09;-10;3.58526;-1.56432
4.4362e+09;-10;2.78139;-2.0333
4.456e+09;-10;2.08235;-2.13328
4.4758e+09;-10;1.56134;-2.05565
4.4956e+09;-10;1.1908;-1.91418
4.5154e+09;-10;0.927986;-1.76048
4.5352e+09;-10;0.738834;-1.61472
4.555e+09;-10;0.599903;-1.48337
4.5748e+09;-10;0.495666;-1.36738
4.5946e+09;-10;0.415856;-1.26564
4.6144e+09;-10;0.3536;-1.17646
4.6342e+09;-10;0.304212;-1.09808
4.654e+09;-10;0.264437;-1.0289
4.6738e+09;-10;0.231967;-0.967564
4.6936e+09;-10;0.205137;-0.91291
4.7134e+09;-10;0.182726;-0.863973
4.7332e+09;-10;0.16382;-0.819948
4.753e+09;-10;0.147729;-0.780164
4.7728e+09;-10;0.133924;-0.74406
4.7926e+09;-10;0.121992;-0.711165
4.8124e+09;-10;0.11161;-0.681083
4.8322e+09;-10;0.102521;-0.653475
4.852e+09;-10;0.094519;-0.628056
4.8718e+09;-10;0.087437;-0.604581
4.8916e+09;-10;0.081139;-0.58284
4.9114e+09;-10;0.0755133;-0.562649
4.9312e+09;-10;0.070467;-0.543851
4.951e+09;-10;0.0659231;-0.526309
4.9708e+09;-10;0.0618168;-0.509902
4.9906e+09;-10;0.0580932;-0.494526
5.0104e+09;-10;0.054706;-0.480085
5.0302e+09;-10;0.0516158;-0.466499
5.05e+09;-10;0.0487884;-0.453695
5.0698e+09;-10;0.0461947;-0.441606
5.0896e+09;-10;0.0438095;-0.430176
5.1094e+09;-10;0.0416108;-0.419351
5.1292e+09;-10;0.0395796;-0.409086
5.149e+09;-10;0.037699;-0.399338
5.1688e+09;-10;0.0359544;-0.390069
5.1886e+09;-10;0.034333;-0.381245
5.2084e+09;-10;0.0328231;-0.372834
5.2282e+09;-10;0.0314148;-0.364809
5.248e+09;-10;0.030099;-0.357142
5.2678e+09;-10;0.0288677;-0.349812
5.2876e+09;-10;0.0277137;-0.342795
5.3074e+09;-10;0.0266306;-0.336073
5.3272e+09;-10;0.0256127;-0.329627
5.347e+09;-10;0.0246548;-0.323441
5.3668e+09;-10;0.0237521;-0.317498
5.3866e+09;-10;0.0229005;-0.311786
5.4064e+09;-10;0.0220961;-0.30629
5.4262e+09;-10;0.0213354;-0.300998
5.446e+09;-10;0.0206153;-0.2959
5.4658e+09;-10;0.0199329;-0.290985
5.4856e+09;-10;0.0192856;-0.286243
5.5054e+09;-10;0.018671;-0.281665
5.5252e+09;-10;0.0180868;-0.277243
5.545e+09;-10;0.0175311;-0.272969
5.5648e+09;-10;0.017002;-0.268835
5.5846e+09;-10;0.0164978;-0.264835
5.6044e+09;-10;0.016017;-0.260961
5.6242e+09;-10;0.0155581;-0.25721
5.644e+09;-10;0.0151197;-0.253573
5.6638e+09;-10;0.0147007;-0.250047
5.6836e+09;-10;0.0142998;-0.246626
5.7034e+09;-10;0.0139161;-0.243306
5.7232e+09;-10;0.0135486;-0.240082
5.743e+09;-10;0.0131963;-0.236949
5.7628e+09;-10;0.0128584;-0.233905
5.7826e+09;-10;0.0125341;-0.230946
5.8024e+09;-10;0.0122226;-0.228067
5.8222e+09;-10;0.0119234;-0.225265
5.842e+09;-10;0.0116357;-0.222539
5.8618e+09;-10;0.0113589;-0.219883
5.8816e+09;-10;0.0110925;-0.217296
5.9014e+09;-10;0.010836;-0.214776
5.9212e+09;-10;0.0105889;-0.212319
5.941e+09;-10;0.0103506;-0.209922
5.9608e+09;-10;0.0101209;-0.207585
5.9806e+09;-10;0.0098992;-0.205304
6.0004e+09;-10;0.0096852;-0.203078
6.0202e+09;-10;0.00947852;-0.200905
6.04e+09;-10;0.00927884;-0.198782
6.0598e+09;-10;0.00908582;-0.196708
6.0796e+09;-10;0.00889918;-0.194681
6.0994e+09;-10;0.00871862;-0.1927
6.1192e+09;-10;0.00854388;-0.190763
6.139e+09;-10;0.00837471;-0.188869
6.1588e+09;-10;0.00821085;-0.187016
6.1786e+09;-10;0.0080521;-0.185202
6.1984e+09;-10;0.00789823;-0.183428
6.2182e+09;-10;0.00774904;-0.18169
6.238e+09;-10;0.00760434;-0.179989
6.2578e+09;-10;0.00746394;-0.178323
6.2776e+09;-10;0.00732767;-0.17669
6.2974e+09;-10;0.00719537;-0.17509
6.3172e+09;-10;0.00706688;-0.173523
6.337e+09;-10;0.00694205;-0.171986
6.3568e+09;-10;0.00682074;-0.170479
6.3766e+09;-10;0.00670281;-0.169001
6.3964e+09;-10;0.00658814;-0.167551
6.4162e+09;-10;0.00647661;-0.166129
6.436e+09;-10;0.00636809;-0.164734
6.4558e+09;-10;0.00626248;-0.163364
6.4756e+09;-10;0.00615967;-0.16202
6.4954e+09;-10;0.00605957;-0.160699
6.5152e+09;-10;0.00596206;-0.159403
6.535e+09;-10;0.00586707;-0.15813
6.5548e+09;-10;0.0057745;-0.156879
6.5746e+09;-10;0.00568427;-0.15565
6.5944e+09;-10;0.0055963;-0.154443
6.6142e+09;-10;0.00551051;-0.153256
6.634e+09;-10;0.00542683;-0.152089
6.6538e+09;-10;0.00534519;-0.150943
6.6736e+09;-10;0.00526552;-0.149815
6.6934e+09;-10;0.00518775;-0.148706
6.7132e+09;-10;0.00511182;-0.147615
6.733e+09;-10;0.00503768;-0.146542
6.7528e+09;-10;0.00496527;-0.145486
6.7726e+09;-10;0.00489453;-0.144447
6.7924e+09;-10;0.0048254;-0.143425
6.8122e+09;-10;0.00475785;-0.142418
6.832e+09;-10;0.00469181;-0.141427
6.8518e+09;-10;0.00462725;-0.140452
6.8716e+09;-10;0.00456412;-0.139492
6.8914e+09;-10;0.00450237;-0.138546
6.9112e+09;-10;0.00444196;-0.137614
6.931e+09;-10;0.00438286;-0.136697
6.9508e+09;-10;0.00432502;-0.135793
6.9706e+09;-10;0.00426841;-0.134902
6.9904e+09;-10;0.00421299;-0.134024
7.0102e+09;-10;0.00415873;-0.133159
7.03e+09;-10;0.0041056;-0.132307
7.0498e+09;-10;0.00405356;-0.131466
7.0696e+09;-10;0.00400258;-0.130638
7.0894e+09;-10;0.00395263;-0.129821
7.1092e+09;-10;0.00390369;-0.129015
7.129e+09;-10;0.00385573;-0.128221
7.1488e+09;-10;0.00380871;-0.127437
7.1686e+09;-10;0.00376262;-0.126665
7.1884e+09;-10;0.00371742;-0.125902
7.2082e+09;-10;0.0036731;-0.12515
7.228e+09;-10;0.00362963;-0.124408
7.2478e+09;-10;0.003587;-0.123676
7.2676e+09;-10;0.00354517;-0.122953
7.2874e+09;-10;0.00350412;-0.12224
7.3072e+09;-10;0.00346384;-0.121536
7.327e+09;-10;0.00342431;-0.120841
7.3468e+09;-10;0.00338551;-0.120155
7.3666e+09;-10;0.00334741;-0.119478
7.3864e+09;-10;0.00331001;-0.118809
7.4062e+09;-10;0.00327328;-0.118148
7.426e+09;-10;0.00323721;-0.117496
7.4458e+09;-10;0.00320178;-0.116852
7.4656e+09;-10;0.00316698;-0.116215
7.4854e+09;-10;0.00313278;-0.115587
7.5052e+09;-10;0.00309918;-0.114966
7.525e+09;-10;0.00306617;-0.114352
7.5448e+09;-10;0.00303372;-0.113746
7.5646e+09;-10;0.00300182;-0.113147
7.5844e+09;-10;0.00297047;-0.112555
7.6042e+09;-10;0.00293965;-0.11197
7.624e+09;-10;0.00290934;-0.111391
7.6438e+09;-10;0.00287953;-0.11082
7.6636e+09;-10;0.00285022;-0.110255
7.6834e+09;-10;0.00282139;-0.109696
7.7032e+09;-10;0.00279304;-0.109144
7.723e+09;-10;0.00276514;-0.108598
7.7428e+09;-10;0.00273769;-0.108058
7.7626e+09;-10;0.00271068;-0.107524
7.7824e+09;-10;0.0026841;-0.106995
7.8022e+09;-10;0.00265795;-0.106473
7.822e+09;-10;0.0026322;-0.105957
7.8418e+09;-10;0.00260686;-0.105446
7.8616e+09;-10;0.00258191;-0.10494
7.8814e+09;-10;0.00255734;-0.10444
7.9012e+09;-10;0.00253316;-0.103945
7.921e+09;-10;0.00250934;-0.103456
7.9408e+09;-10;0.00248589;-0.102971
7.9606e+09;-10;0.00246279;-0.102492
7.9804e+09;-10;0.00244003;-0.102018
8.0002e+09;-10;0.00241762;-0.101548
8.02e+09;-10;0.00239553;-0.101084
8.0398e+09;-10;0.00237378;-0.100624
8.0596e+09;-10;0.00235234;-0.100169
8.0794e+09;-10;0.00233121;-0.0997183
8.0992e+09;-10;0.0023104;-0.0992722
8.119e+09;-10;0.00228988;-0.0988307
8.1388e+09;-10;0.00226965;-0.0983935
8.1586e+09;-10;0.00224972;-0.0979607
8.1784e+09;-10;0.00223006;-0.0975321
8.1982e+09;-10;0.00221069;-0.0971076
8.218e+09;-10;0.00219158;-0.0966874
8.2378e+09;-10;0.00217275;-0.0962711
8.2576e+09;-10;0.00215417;-0.0958589
8.2774e+09;-10;0.00213585;-0.0954507
8.2972e+09;-10;0.00211778;-0.0950463
8.317e+09;-10;0.00209996;-0.0946457
8.3368e+09;-10;0.00208238;-0.0942489
8.3566e+09;-10;0.00206504;-0.0938558
8.3764e+09;-10;0.00204793;-0.0934664
8.3962e+09;-10;0.00203105;-0.0930806
8.416e+09;-10;0.0020144;-0.0926984
8.4358e+09;-10;0.00199796;-0.0923196
8.4556e+09;-10;0.00198174;-0.0919443
8.4754e+09;-10;0.00196574;-0.0915724
8.4952e+09;-10;0.00194994;-0.0912039
8.515e+09;-10;0.00193435;-0.0908387
8.5348e+09;-10;0.00191895;-0.0904767
8.5546e+09;-10;0.00190376;-0.090118
8.5744e+09;-10;0.00188876;-0.0897624
8.5942e+09;-10;0.00187395;-0.08941
8.614e+09;-10;0.00185933;-0.0890607
8.6338e+09;-10;0.00184489;-0.0887144
8.6536e+09;-10;0.00183064;-0.0883711
8.6734e+09;-10;0.00181656;-0.0880307
8.6932e+09;-10;0.00180265;-0.0876933
8.713e+09;-10;0.00178892;-0.0873588
8.7328e+09;-10;0.00177536;-0.0870271
8.7526e+09;-10;0.00176196;-0.0866982
8.7724e+09;-10;0.00174872;-0.0863721
8.7922e+09;-10;0.00173565;-0.0860488
8.812e+09;-10;0.00172273;-0.0857281
8.8318e+09;-10;0.00170997;-0.0854101
8.8516e+09;-10;0.00169736;-0.0850947
8.8714e+09;-10;0.0016849;-0.0847819
8.8912e+09;-10;0.00167258;-0.0844717
8.911e+09;-10;0.00166042;-0.084164
8.9308e+09;-10;0.00164839;-0.0838588
8.9506e+09;-10;0.00163651;-0.0835561
8.9704e+09;-10;0.00162476;-0.0832558
8.9902e+09;-10;0.00161315;-0.0829579
9.01e+09;-10;0.00160167;-0.0826623
9.0298e+09;-10;0.00159033;-0.0823692
9.0496e+09;-10;0.00157911;-0.0820783
9.0694e+09;-10;0.00156802;-0.0817897
9.0892e+09;-10;0.00155706;-0.0815034
9.109e+09;-10;0.00154622;-0.0812193
9.1288e+09;-10;0.0015355;-0.0809374
9.1486e+09;-10;0.0015249;-0.0806577
9.1684e+09;-10;0.00151442;-0.0803801
9.1882e+09;-10;0.00150406;-0.0801047
9.208e+09;-10;0.00149381;-0.0798313
9.2278e+09;-10;0.00148367;-0.0795601
9.2476e+09;-10;0.00147364;-0.0792909
9.2674e+09;-10;0.00146372;-0.0790237
9.2872e+09;-10;0.00145391;-0.0787585
9.307e+09;-10;0.00144421;-0.0784953
9.3268e+09;-10;0.00143461;-0.078234
9.3466e+09;-10;0.00142511;-0.0779747
9.3664e+09;-10;0.00141571;-0.0777173
9.3862e+09;-10;0.00140641;-0.0774617
9.406e+09;-10;0.00139721;-0.0772081
9.4258e+09;-10;0.00138811;-0.0769562
9.4456e+09;-10;0.0013791;-0.0767062
9.4654e+09;-10;0.00137019;-0.076458
9.4852e+09;-10;0.00136137;-0.0762116
9.505e+09;-10;0.00135264;-0.075967
9.5248e+09;-10;0.001344;-0.0757241
9.5446e+09;-10;0.00133545;-0.0754829
9.5644e+09;-10;0.00132699;-0.0752434
9.5842e+09;-10;0.00131861;-0.0750056
9.604e+09;-10;0.00131032;-0.0747695
9.6238e+09;-10;0.00130211;-0.074535
9.6436e+09;-10;0.00129399;-0.0743021
9.6634e+09;-10;0.00128594;-0.0740709
9.6832e+09;-10;0.00127798;-0.0738412
9.703e+09;-10;0.00127009;-0.0736132
9.7228e+09;-10;0.00126229;-0.0733867
9.7426e+09;-10;0.00125456;-0.0731617
9.7624e+09;-10;0.0012469;-0.0729383
9.7822e+09;-10;0.00123933;-0.0727163
9.802e+09;-10;0.00123182;-0.0724959
9.8218e+09;-10;0.00122439;-0.072277
9.8416e+09;-10;0.00121703;-0.0720595
9.8614e+09;-10;0.00120974;-0.0718434
9.8812e+09;-10;0.00120252;-0.0716288
9.901e+09;-10;0.00119537;-0.0714156
9.9208e+09;-10;0.00118829;-0.0712038
9.9406e+09;-10;0.00118128;-0.0709935
9.9604e+09;-10;0.00117433;-0.0707844
9.9802e+09;-10;0.00116745;-0.0705768
1e+10;-10;0.00116063;-0.0703705
1e+08;35;3.50344e-06;0.00295463
1.198e+08;35;5.03039e-06;0.00354044
1.396e+08;35;6.83421e-06;0.00412669
1.594e+08;35;8.91579e-06;0.00471344
1.792e+08;35;1.12761e-05;0.00530077
1.99e+08;35;1.39164e-05;0.00588875
2.188e+08;35;1.6838e-05;0.00647744
2.386e+08;35;2.00422e-05;0.00706693
2.584e+08;35;2.35306e-05;0.00765729
2.782e+08;35;2.73051e-05;0.00824859
2.98e+08;35;3.13673e-05;0.00884091
3.178e+08;35;3.57195e-05;0.00943431
3.376e+08;35;4.03636e-05;0.0100289
3.574e+08;35;4.53021e-05;0.0106247
3.772e+08;35;5.05374e-05;0.0112218
3.97e+08;35;5.6072e-05;0.0118203
4.168e+08;35;6.19089e-05;0.0124203
4.366e+08;35;6.80509e-05;0.0130218
4.564e+08;35;7.45011e-05;0.013625
4.762e+08;35;8.12628e-05;0.0142298
4.96e+08;35;8.83394e-05;0.0148365
5.158e+08;35;9.57346e-05;0.015445
5.356e+08;35;0.000103452;0.0160554
5.554e+08;35;0.000111496;0.0166679
5.752e+08;35;0.00011987;0.0172825
5.95e+08;35;0.000128579;0.0178992
6.148e+08;35;0.000137627;0.0185183
6.346e+08;35;0.000147019;0.0191397
6.544e+08;35;0.00015676;0.0197636
6.742e+08;35;0.000166855;0.02039
6.94e+08;35;0.00017731;0.021019
7.138e+08;35;0.000188129;0.0216507
7.336e+08;35;0.000199319;0.0222853
7.534e+08;35;0.000210886;0.0229227
7.732e+08;35;0.000222835;0.0235632
7.93e+08;35;0.000235174;0.0242067
8.128e+08;35;0.00024791;0.0248534
8.326e+08;35;0.000261048;0.0255034
8.524e+08;35;0.000274596;0.0261568
8.722e+08;35;0.000288563;0.0268137
8.92e+08;35;0.000302955;0.0274741
9.118e+08;35;0.000317781;0.0281383
9.316e+08;35;0.000333049;0.0288062
9.514e+08;35;0.000348768;0.0294781
9.712e+08;35;0.000364947;0.0301539
9.91e+08;35;0.000381594;0.0308339
1.0108e+09;35;0.000398721;0.0315182
1.0306e+09;35;0.000416336;0.0322068
1.0504e+09;35;0.00043445;0.0328998
1.0702e+09;35;0.000453075;0.0335975
1.09e+09;35;0.00047222;0.0342999
1.1098e+09;35;0.000491898;0.0350071
1.1296e+09;35;0.00051212;0.0357193
1.1494e+09;35;0.000532898;0.0364365
1.1692e+09;35;0.000554247;0.037159
1.189e+09;35;0.000576178;0.0378869
1.2088e+09;35;0.000598705;0.0386203
1.2286e+09;35;0.000621843;0.0393593
1.2484e+09;35;0.000645607;0.0401041
1.2682e+09;35;0.000670011;0.0408549
1.288e+09;35;0.000695072;0.0416117
1.3078e+09;35;0.000720805;0.0423748
1.3276e+09;35;0.000747229;0.0431443
1.3474e+09;35;0.000774359;0.0439203
1.3672e+09;35;0.000802215;0.044703
1.387e+09;35;0.000830815;0.0454926
1.4068e+09;35;0.000860179;0.0462893
1.4266e+09;35;0.000890328;0.0470933
1.4464e+09;35;0.000921281;0.0479046
1.4662e+09;35;0.000953062;0.0487235
1.486e+09;35;0.000985691;0.0495503
1.5058e+09;35;0.00101919;0.050385
1.5256e+09;35;0.00105359;0.0512279
1.5454e+09;35;0.00108892;0.0520791
1.5652e+09;35;0.00112519;0.052939
1.585e+09;35;0.00116243;0.0538077
1.6048e+09;35;0.00120069;0.0546854
1.6246e+09;35;0.00123997;0.0555724
1.6444e+09;35;0.00128032;0.0564688
1.6642e+09;35;0.00132176;0.057375
1.684e+09;35;0.00136433;0.0582911
1.7038e+09;35;0.00140807;0.0592175
1.7236e+09;35;0.001453;0.0601543
1.7434e+09;35;0.00149916;0.0611019
1.7632e+09;35;0.0015466;0.0620605
1.783e+09;35;0.00159535;0.0630304
1.8028e+09;35;0.00164546;0.0640119
1.8226e+09;35;0.00169696;0.0650053
1.8424e+09;35;0.0017499;0.0660109
1.8622e+09;35;0.00180433;0.067029
1.882e+09;35;0.0018603;0.0680599
1.9018e+09;35;0.00191786;0.069104
1.9216e+09;35;0.00197706;0.0701616
1.9414e+09;35;0.00203796;0.071233
1.9612e+09;35;0.00210061;0.0723187
1.981e+09;35;0.00216507;0.073419
2.0008e+09;35;0.00223141;0.0745344
2.0206e+09;35;0.00229969;0.0756651
2.0404e+09;35;0.00236998;0.0768117
2.0602e+09;35;0.00244235;0.0779745
2.08e+09;35;0.00251688;0.079154
2.0998e+09;35;0.00259363;0.0803507
2.1196e+09;35;0.0026727;0.081565
2.1394e+09;35;0.00275417;0.0827974
2.1592e+09;35;0.00283813;0.0840485
2.179e+09;35;0.00292466;0.0853187
2.1988e+09;35;0.00301387;0.0866086
2.2186e+09;35;0.00310587;0.0879188
2.2384e+09;35;0.00320074;0.0892499
2.2582e+09;35;0.00329861;0.0906024
2.278e+09;35;0.0033996;0.0919769
2.2978e+09;35;0.00350383;0.0933742
2.3176e+09;35;0.00361142;0.094795
2.3374e+09;35;0.00372251;0.0962398
2.3572e+09;35;0.00383725;0.0977094
2.377e+09;35;0.00395578;0.0992047
2.3968e+09;35;0.00407825;0.100726
2.4166e+09;35;0.00420485;0.102275
2.4364e+09;35;0.00433573;0.103852
2.4562e+09;35;0.00447109;0.105458
2.476e+09;35;0.0046111;0.107093
2.4958e+09;35;0.00475599;0.108759
2.5156e+09;35;0.00490596;0.110458
2.5354e+09;35;0.00506123;0.112188
2.5552e+09;35;0.00522205;0.113953
2.575e+09;35;0.00538867;0.115753
2.5948e+09;35;0.00556135;0.117589
2.6146e+09;35;0.00574037;0.119462
2.6344e+09;35;0.00592604;0.121374
2.6542e+09;35;0.00611866;0.123326
2.674e+09;35;0.00631856;0.12532
2.6938e+09;35;0.00652611;0.127356
2.7136e+09;35;0.00674168;0.129437
2.7334e+09;35;0.00696566;0.131563
2.7532e+09;35;0.00719847;0.133737
2.773e+09;35;0.00744056;0.135961
2.7928e+09;35;0.00769242;0.138236
2.8126e+09;35;0.00795454;0.140564
2.8324e+09;35;0.00822747;0.142947
2.8522e+09;35;0.00851178;0.145388
2.872e+09;35;0.00880809;0.147888
2.8918e+09;35;0.00911705;0.15045
2.9116e+09;35;0.00943936;0.153076
2.9314e+09;35;0.00977577;0.15577
2.9512e+09;35;0.0101271;0.158533
2.971e+09;35;0.0104941;0.161368
2.9908e+09;35;0.0108779;0.164279
3.0106e+09;35;0.0112793;0.167269
3.0304e+09;35;0.0116994;0.170342
3.0502e+09;35;0.0121393;0.1735
3.07e+09;35;0.0126004;0.176747
3.0898e+09;35;0.0130839;0.180089
3.1096e+09;35;0.0135911;0.183528
3.1294e+09;35;0.0141238;0.187069
3.1492e+09;35;0.0146834;0.190718
3.169e+09;35;0.0152719;0.194479
3.1888e+09;35;0.0158911;0.198358
3.2086e+09;35;0.0165432;0.20236
3.2284e+09;35;0.0172304;0.206492
3.2482e+09;35;0.0179553;0.21076
3.268e+09;35;0.0187206;0.215171
3.2878e+09;35;0.0195292;0.219733
3.3076e+09;35;0.0203843;0.224453
3.3274e+09;35;0.0212895;0.229341
3.3472e+09;35;0.0222487;0.234405
3.367e+09;35;0.0232661;0.239655
3.3868e+09;35;0.0243463;0.245101
3.4066e+09;35;0.0254946;0.250756
3.4264e+09;35;0.0267165;0.256632
3.4462e+09;35;0.0280183;0.26274
3.466e+09;35;0.029407;0.269097
3.4858e+09;35;0.0308903;0.275717
3.5056e+09;35;0.0324766;0.282617
3.5254e+09;35;0.0341756;0.289815
3.5452e+09;35;0.0359977;0.29733
3.565e+09;35;0.037955;0.305185
3.5848e+09;35;0.0400607;0.313402
3.6046e+09;35;0.0423299;0.322006
3.6244e+09;35;0.0447794;0.331027
3.6442e+09;35;0.0474284;0.340493
3.664e+09;35;0.0502986;0.350438
3.6838e+09;35;0.0534145;0.360899
3.7036e+09;35;0.0568044;0.371916
3.7234e+09;35;0.0605004;0.383533
3.7432e+09;35;0.0645395;0.3958
3.763e+09;35;0.0689644;0.40877
3.7828e+09;35;0.0738244;0.422504
3.8026e+09;35;0.0791769;0.437068
3.8224e+09;35;0.0850888;0.452536
3.8422e+09;35;0.0916385;0.468991
3.862e+09;35;0.0989184;0.486524
3.8818e+09;35;0.107038;0.505238
3.9016e+09;35;0.116126;0.525246
3.9214e+09;35;0.126339;0.546678
3.9412e+09;35;0.137863;0.569675
3.961e+09;35;0.150925;0.594395
3.9808e+09;35;0.165799;0.621013
4.0006e+09;35;0.182821;0.649723
4.0204e+09;35;0.202407;0.680736
4.0402e+09;35;0.225073;0.714276
4.06e+09;35;0.251461;0.750581
4.0798e+09;35;0.282382;0.789884
4.0996e+09;35;0.318863;0.832398
4.1194e+09;35;0.36221;0.878281
4.1392e+09;35;0.414094;0.927571
4.159e+09;35;0.47666;0.980083
4.1788e+09;35;0.552649;1.03523
4.1986e+09;35;0.645539;1.09173
4.2184e+09;35;0.759651;1.14711
4.2382e+09;35;0.900115;1.19697
4.258e+09;35;1.07247;1.23379
4.2778e+09;35;1.28144;1.24542
4.2976e+09;35;1.52802;1.21357
4.3174e+09;35;1.8042;1.11385
4.3372e+09;35;2.08561;0.92047
4.357e+09;35;2.32704;0.619294
4.3768e+09;35;2.47107;0.226635
4.3966e+09;35;2.47525;-0.202745
4.4164e+09;35;2.33999;-0.596124
4.4362e+09;35;2.10784;-0.899694
4.456e+09;35;1.83523;-1.09775
4.4758e+09;35;1.56628;-1.20404
4.4956e+09;35;1.32482;-1.24343
4.5154e+09;35;1.11897;-1.23944
4.5352e+09;35;0.948081;-1.2098
4.555e+09;35;0.8079;-1.16639
4.5748e+09;35;0.693263;-1.11665
4.5946e+09;35;0.599332;-1.06501
4.6144e+09;35;0.521996;-1.01403
4.6342e+09;35;0.457918;-0.965079
4.654e+09;35;0.404451;-0.918832
4.6738e+09;35;0.359511;-0.875558
4.6936e+09;35;0.321466;-0.835287
4.7134e+09;35;0.28903;-0.797924
4.7332e+09;35;0.261191;-0.763302
4.753e+09;35;0.237146;-0.731228
4.7728e+09;35;0.216252;-0.701501
4.7926e+09;35;0.197994;-0.673922
4.8124e+09;35;0.181955;-0.648304
4.8322e+09;35;0.167795;-0.624473
4.852e+09;35;0.155236;-0.602268
4.8718e+09;35;0.144048;-0.581547
4.8916e+09;35;0.13404;-0.562176
4.9114e+09;35;0.125054;-0.544038
4.9312e+09;35;0.116956;-0.527027
4.951e+09;35;0.109633;-0.511047
4.9708e+09;35;0.10299;-0.496012
4.9906e+09;35;0.096945;-0.481845
5.0104e+09;35;0.0914293;-0.468475
5.0302e+09;35;0.0863826;-0.455841
5.05e+09;35;0.0817531;-0.443884
5.0698e+09;35;0.0774961;-0.432554
5.0896e+09;35;0.0735725;-0.421805
5.1094e+09;35;0.0699484;-0.411593
5.1292e+09;35;0.066594;-0.40188
5.149e+09;35;0.063483;-0.392633
5.1688e+09;35;0.0605923;-0.383817
5.1886e+09;35;0.0579016;-0.375406
5.2084e+09;35;0.0553926;-0.367372
5.2282e+09;35;0.0530492;-0.35969
5.248e+09;35;0.0508571;-0.352338
5.2678e+09;35;0.0488035;-0.345296
5.2876e+09;35;0.0468768;-0.338545
5.3074e+09;35;0.0450667;-0.332067
5.3272e+09;35;0.0433638;-0.325847
5.347e+09;35;0.0417599;-0.319868
5.3668e+09;35;0.0402472;-0.314118
5.3866e+09;35;0.038819;-0.308584
5.4064e+09;35;0.0374689;-0.303254
5.4262e+09;35;0.0361914;-0.298117
5.446e+09;35;0.0349812;-0.293163
5.4658e+09;35;0.0338336;-0.288381
5.4856e+09;35;0.0327444;-0.283764
5.5054e+09;35;0.0317096;-0.279303
5.5252e+09;35;0.0307255;-0.27499
5.545e+09;35;0.029789;-0.270818
5.5648e+09;35;0.0288968;-0.26678
5.5846e+09;35;0.0280463;-0.26287
5.6044e+09;35;0.0272347;-0.259082
5.6242e+09;35;0.0264598;-0.255409
5.644e+09;35;0.0257194;-0.251848
5.6638e+09;35;0.0250113;-0.248393
5.6836e+09;35;0.0243337;-0.245039
5.7034e+09;35;0.0236849;-0.241782
5.7232e+09;35;0.0230631;-0.238617
5.743e+09;35;0.022467;-0.235541
5.7628e+09;35;0.021895;-0.232551
5.7826e+09;35;0.0213459;-0.229642
5.8024e+09;35;0.0208185;-0.226811
5.8222e+09;35;0.0203115;-0.224055
5.842e+09;35;0.019824;-0.221372
5.8618e+09;35;0.0193549;-0.218758
5.8816e+09;35;0.0189032;-0.21621
5.9014e+09;35;0.0184682;-0.213727
5.9212e+09;35;0.018049;-0.211305
5.941e+09;35;0.0176448;-0.208943
5.9608e+09;35;0.017255;-0.206638
5.9806e+09;35;0.0168787;-0.204388
6.0004e+09;35;0.0165154;-0.202191
6.0202e+09;35;0.0161645;-0.200046
6.04e+09;35;0.0158254;-0.19795
6.0598e+09;35;0.0154975;-0.195901
6.0796e+09;35;0.0151804;-0.193899
6.0994e+09;35;0.0148737;-0.191942
6.1192e+09;35;0.0145767;-0.190028
6.139e+09;35;0.0142892;-0.188155
6.1588e+09;35;0.0140106;-0.186323
6.1786e+09;35;0.0137407;-0.184529
6.1984e+09;35;0.0134791;-0.182774
6.2182e+09;35;0.0132254;-0.181055
6.238e+09;35;0.0129793;-0.179371
6.2578e+09;35;0.0127404;-0.177722
6.2776e+09;35;0.0125086;-0.176105
6.2974e+09;35;0.0122835;-0.174522
6.3172e+09;35;0.0120648;-0.172969
6.337e+09;35;0.0118524;-0.171447
6.3568e+09;35;0.0116459;-0.169954
6.3766e+09;35;0.0114452;-0.168489
6.3964e+09;35;0.01125;-0.167053
6.4162e+09;35;0.0110601;-0.165643
6.436e+09;35;0.0108753;-0.16426
6.4558e+09;35;0.0106954;-0.162902
6.4756e+09;35;0.0105203;-0.161569
6.4954e+09;35;0.0103498;-0.16026
6.5152e+09;35;0.0101837;-0.158974
6.535e+09;35;0.0100219;-0.157711
6.5548e+09;35;0.00986419;-0.15647
6.5746e+09;35;0.00971046;-0.155251
6.5944e+09;35;0.00956056;-0.154052
6.6142e+09;35;0.00941436;-0.152874
6.634e+09;35;0.00927175;-0.151716
6.6538e+09;35;0.0091326;-0.150578
6.6736e+09;35;0.0089968;-0.149458
6.6934e+09;35;0.00886423;-0.148357
6.7132e+09;35;0.0087348;-0.147274
6.733e+09;35;0.00860841;-0.146208
6.7528e+09;35;0.00848494;-0.145159
6.7726e+09;35;0.00836432;-0.144127
6.7924e+09;35;0.00824645;-0.143112
6.8122e+09;35;0.00813125;-0.142112
6.832e+09;35;0.00801863;-0.141127
6.8518e+09;35;0.00790852;-0.140158
6.8716e+09;35;0.00780084;-0.139204
6.8914e+09;35;0.00769552;-0.138264
6.9112e+09;35;0.00759248;-0.137338
6.931e+09;35;0.00749165;-0.136426
6.9508e+09;35;0.00739299;-0.135527
6.9706e+09;35;0.00729641;-0.134642
6.9904e+09;35;0.00720186;-0.133769
7.0102e+09;35;0.00710928;-0.132909
7.03e+09;35;0.00701862;-0.132061
7.0498e+09;35;0.00692981;-0.131225
7.0696e+09;35;0.00684282;-0.130401
7.0894e+09;35;0.00675758;-0.129589
7.1092e+09;35;0.00667406;-0.128788
7.129e+09;35;0.00659219;-0.127997
7.1488e+09;35;0.00651195;-0.127218
7.1686e+09;35;0.00643327;-0.126449
7.1884e+09;35;0.00635613;-0.125691
7.2082e+09;35;0.00628048;-0.124942
7.228e+09;35;0.00620628;-0.124204
7.2478e+09;35;0.00613349;-0.123475
7.2676e+09;35;0.00606208;-0.122756
7.2874e+09;35;0.005992;-0.122046
7.3072e+09;35;0.00592324;-0.121346
7.327e+09;35;0.00585574;-0.120654
7.3468e+09;35;0.00578949;-0.119971
7.3666e+09;35;0.00572444;-0.119297
7.3864e+09;35;0.00566057;-0.118631
7.4062e+09;35;0.00559786;-0.117973
7.426e+09;35;0.00553626;-0.117324
7.4458e+09;35;0.00547575;-0.116682
7.4656e+09;35;0.00541632;-0.116049
7.4854e+09;35;0.00535792;-0.115423
7.5052e+09;35;0.00530054;-0.114804
7.525e+09;35;0.00524415;-0.114193
7.5448e+09;35;0.00518873;-0.11359
7.5646e+09;35;0.00513425;-0.112993
7.5844e+09;35;0.0050807;-0.112403
7.6042e+09;35;0.00502804;-0.111821
7.624e+09;35;0.00497627;-0.111245
7.6438e+09;35;0.00492536;-0.110675
7.6636e+09;35;0.00487529;-0.110112
7.6834e+09;35;0.00482604;-0.109556
7.7032e+09;35;0.00477759;-0.109006
7.723e+09;35;0.00472993;-0.108462
7.7428e+09;35;0.00468304;-0.107924
7.7626e+09;35;0.00463689;-0.107392
7.7824e+09;35;0.00459149;-0.106865
7.8022e+09;35;0.00454679;-0.106345
7.822e+09;35;0.0045028;-0.10583
7.8418e+09;35;0.0044595;-0.105321
7.8616e+09;35;0.00441687;-0.104817
7.8814e+09;35;0.0043749;-0.104319
7.9012e+09;35;0.00433357;-0.103826
7.921e+09;35;0.00429287;-0.103338
7.9408e+09;35;0.00425279;-0.102856
7.9606e+09;35;0.00421332;-0.102378
7.9804e+09;35;0.00417443;-0.101905
8.0002e+09;35;0.00413613;-0.101437
8.02e+09;35;0.00409839;-0.100974
8.0398e+09;35;0.0040612;-0.100516
8.0596e+09;35;0.00402457;-0.100062
8.0794e+09;35;0.00398846;-0.0996131
8.0992e+09;35;0.00395288;-0.0991684
8.119e+09;35;0.00391781;-0.0987283
8.1388e+09;35;0.00388325;-0.0982924
8.1586e+09;35;0.00384917;-0.0978609
8.1784e+09;35;0.00381558;-0.0974336
8.1982e+09;35;0.00378246;-0.0970105
8.218e+09;35;0.00374981;-0.0965915
8.2378e+09;35;0.00371761;-0.0961765
8.2576e+09;35;0.00368585;-0.0957655
8.2774e+09;35;0.00365454;-0.0953584
8.2972e+09;35;0.00362365;-0.0949552
8.317e+09;35;0.00359319;-0.0945558
8.3368e+09;35;0.00356314;-0.0941601
8.3566e+09;35;0.00353349;-0.0937681
8.3764e+09;35;0.00350424;-0.0933798
8.3962e+09;35;0.00347539;-0.0929951
8.416e+09;35;0.00344691;-0.0926139
8.4358e+09;35;0.00341882;-0.0922361
8.4556e+09;35;0.00339109;-0.0918619
8.4754e+09;35;0.00336372;-0.091491
8.4952e+09;35;0.00333672;-0.0911234
8.515e+09;35;0.00331006;-0.0907592
8.5348e+09;35;0.00328374;-0.0903982
8.5546e+09;35;0.00325777;-0.0900404
8.5744e+09;35;0.00323212;-0.0896857
8.5942e+09;35;0.0032068;-0.0893342
8.614e+09;35;0.0031818;-0.0889857
8.6338e+09;35;0.00315711;-0.0886403
8.6536e+09;35;0.00313274;-0.0882978
8.6734e+09;35;0.00310866;-0.0879583
8.6932e+09;35;0.00308489;-0.0876218
8.713e+09;35;0.00306141;-0.0872881
8.7328e+09;35;0.00303821;-0.0869572
8.7526e+09;35;0.0030153;-0.0866291
8.7724e+09;35;0.00299267;-0.0863038
8.7922e+09;35;0.00297031;-0.0859812
8.812e+09;35;0.00294822;-0.0856612
8.8318e+09;35;0.0029264;-0.085344
8.8516e+09;35;0.00290483;-0.0850293
8.8714e+09;35;0.00288353;-0.0847172
8.8912e+09;35;0.00286247;-0.0844077
8.911e+09;35;0.00284166;-0.0841007
8.9308e+09;35;0.0028211;-0.0837962
8.9506e+09;35;0.00280077;-0.0834942
8.9704e+09;35;0.00278068;-0.0831945
8.9902e+09;35;0.00276083;-0.0828973
9.01e+09;35;0.0027412;-0.0826024
9.0298e+09;35;0.0027218;-0.0823099
9.0496e+09;35;0.00270261;-0.0820196
9.0694e+09;35;0.00268365;-0.0817317
9.0892e+09;35;0.0026649;-0.0814459
9.109e+09;35;0.00264636;-0.0811624
9.1288e+09;35;0.00262803;-0.0808811
9.1486e+09;35;0.0026099;-0.080602
9.1684e+09;35;0.00259198;-0.080325
9.1882e+09;35;0.00257425;-0.0800501
9.208e+09;35;0.00255672;-0.0797774
9.2278e+09;35;0.00253938;-0.0795066
9.2476e+09;35;0.00252222;-0.079238
9.2674e+09;35;0.00250526;-0.0789713
9.2872e+09;35;0.00248848;-0.0787066
9.307e+09;35;0.00247188;-0.0784439
9.3268e+09;35;0.00245546;-0.0781832
9.3466e+09;35;0.00243921;-0.0779244
9.3664e+09;35;0.00242314;-0.0776674
9.3862e+09;35;0.00240723;-0.0774124
9.406e+09;35;0.0023915;-0.0771592
9.4258e+09;35;0.00237593;-0.0769079
9.4456e+09;35;0.00236052;-0.0766583
9.4654e+09;35;0.00234527;-0.0764106
9.4852e+09;35;0.00233019;-0.0761646
9.505e+09;35;0.00231525;-0.0759204
9.5248e+09;35;0.00230048;-0.075678
9.5446e+09;35;0.00228585;-0.0754372
9.5644e+09;35;0.00227137;-0.0751982
9.5842e+09;35;0.00225704;-0.0749608
9.604e+09;35;0.00224286;-0.0747251
9.6238e+09;35;0.00222881;-0.074491
9.6436e+09;35;0.00221491;-0.0742586
9.6634e+09;35;0.00220115;-0.0740278
9.6832e+09;35;0.00218753;-0.0737985
9.703e+09;35;0.00217404;-0.0735708
9.7228e+09;35;0.00216069;-0.0733447
9.7426e+09;35;0.00214746;-0.0731201
9.7624e+09;35;0.00213437;-0.0728971
9.7822e+09;35;0.00212141;-0.0726755
9.802e+09;35;0.00210857;-0.0724555
9.8218e+09;35;0.00209585;-0.0722369
9.8416e+09;35;0.00208326;-0.0720198
9.8614e+09;35;0.00207079;-0.0718041
9.8812e+09;35;0.00205844;-0.0715898
9.901e+09;35;0.00204621;-0.071377
9.9208e+09;35;0.0020341;-0.0711655
9.9406e+09;35;0.0020221;-0.0709555
9.9604e+09;35;0.00201021;-0.0707468
9.9802e+09;35;0.00199844;-0.0705395
1e+10;35;0.00198677;-0.0703335
1e+08;80;4.96125e-06;0.00295462
1.198e+08;80;7.12359e-06;0.00354044
1.396e+08;80;9.67802e-06;0.00412668
1.594e+08;80;1.26258e-05;0.00471342
1.792e+08;80;1.59683e-05;0.00530075
1.99e+08;80;1.97073e-05;0.00588871
2.188e+08;80;2.38445e-05;0.0064774
2.386e+08;80;2.8382e-05;0.00706688
2.584e+08;80;3.3322e-05;0.00765722
2.782e+08;80;3.8667e-05;0.0082485
2.98e+08;80;4.44195e-05;0.0088408
3.178e+08;80;5.05825e-05;0.00943418
3.376e+08;80;5.7159e-05;0.0100287
3.574e+08;80;6.41523e-05;0.0106245
3.772e+08;80;7.15658e-05;0.0112216
3.97e+08;80;7.94033e-05;0.0118201
4.168e+08;80;8.76686e-05;0.01242
4.366e+08;80;9.6366e-05;0.0130215
4.564e+08;80;0.0001055;0.0136246
4.762e+08;80;0.000115075;0.0142294
4.96e+08;80;0.000125095;0.0148359
5.158e+08;80;0.000135567;0.0154444
5.356e+08;80;0.000146495;0.0160547
5.554e+08;80;0.000157885;0.0166671
5.752e+08;80;0.000169743;0.0172816
5.95e+08;80;0.000182074;0.0178983
6.148e+08;80;0.000194886;0.0185173
6.346e+08;80;0.000208185;0.0191386
6.544e+08;80;0.000221978;0.0197623
6.742e+08;80;0.000236272;0.0203886
6.94e+08;80;0.000251075;0.0210175
7.138e+08;80;0.000266394;0.0216491
7.336e+08;80;0.000282238;0.0222835
7.534e+08;80;0.000298615;0.0229208
7.732e+08;80;0.000315535;0.0235611
7.93e+08;80;0.000333005;0.0242044
8.128e+08;80;0.000351036;0.0248509
8.326e+08;80;0.000369638;0.0255007
8.524e+08;80;0.00038882;0.0261539
8.722e+08;80;0.000408594;0.0268106
8.92e+08;80;0.000428971;0.0274708
9.118e+08;80;0.000449961;0.0281347
9.316e+08;80;0.000471577;0.0288024
9.514e+08;80;0.00049383;0.0294739
9.712e+08;80;0.000516735;0.0301495
9.91e+08;80;0.000540303;0.0308292
1.0108e+09;80;0.000564549;0.0315131
1.0306e+09;80;0.000589486;0.0322014
1.0504e+09;80;0.000615129;0.0328941
1.0702e+09;80;0.000641494;0.0335913
1.09e+09;80;0.000668596;0.0342933
1.1098e+09;80;0.000696451;0.0350001
1.1296e+09;80;0.000725077;0.0357119
1.1494e+09;80;0.00075449;0.0364287
1.1692e+09;80;0.000784708;0.0371507
1.189e+09;80;0.000815751;0.0378781
1.2088e+09;80;0.000847638;0.038611
1.2286e+09;80;0.000880388;0.0393495
1.2484e+09;80;0.000914024;0.0400937
1.2682e+09;80;0.000948565;0.0408438
1.288e+09;80;0.000984034;0.0416
1.3078e+09;80;0.00102046;0.0423625
1.3276e+09;80;0.00105785;0.0431312
1.3474e+09;80;0.00109625;0.0439066
1.3672e+09;80;0.00113567;0.0446885
1.387e+09;80;0.00117615;0.0454774
1.4068e+09;80;0.0012177;0.0462733
1.4266e+09;80;0.00126036;0.0470763
1.4464e+09;80;0.00130417;0.0478868
1.4662e+09;80;0.00134914;0.0487048
1.486e+09;80;0.00139531;0.0495306
1.5058e+09;80;0.00144272;0.0503643
1.5256e+09;80;0.00149139;0.0512061
1.5454e+09;80;0.00154137;0.0520563
1.5652e+09;80;0.00159269;0.052915
1.585e+09;80;0.00164538;0.0537825
1.6048e+09;80;0.0016995;0.0546589
1.6246e+09;80;0.00175508;0.0555446
1.6444e+09;80;0.00181216;0.0564397
1.6642e+09;80;0.00187078;0.0573444
1.684e+09;80;0.00193101;0.0582591
1.7038e+09;80;0.00199287;0.0591839
1.7236e+09;80;0.00205642;0.0601191
1.7434e+09;80;0.00212172;0.061065
1.7632e+09;80;0.00218882;0.0620218
1.783e+09;80;0.00225777;0.0629899
1.8028e+09;80;0.00232863;0.0639695
1.8226e+09;80;0.00240146;0.0649608
1.8424e+09;80;0.00247633;0.0659643
1.8622e+09;80;0.00255331;0.0669802
1.882e+09;80;0.00263245;0.0680088
1.9018e+09;80;0.00271384;0.0690505
1.9216e+09;80;0.00279754;0.0701056
1.9414e+09;80;0.00288364;0.0711745
1.9612e+09;80;0.00297221;0.0722575
1.981e+09;80;0.00306334;0.073355
2.0008e+09;80;0.00315712;0.0744673
2.0206e+09;80;0.00325364;0.075595
2.0404e+09;80;0.00335299;0.0767383
2.0602e+09;80;0.00345527;0.0778977
2.08e+09;80;0.0035606;0.0790737
2.0998e+09;80;0.00366907;0.0802667
2.1196e+09;80;0.00378081;0.0814771
2.1394e+09;80;0.00389593;0.0827055
2.1592e+09;80;0.00401455;0.0839523
2.179e+09;80;0.00413681;0.0852181
2.1988e+09;80;0.00426285;0.0865034
2.2186e+09;80;0.0043928;0.0878088
2.2384e+09;80;0.00452681;0.0891347
2.2582e+09;80;0.00466505;0.0904819
2.278e+09;80;0.00480768;0.0918509
2.2978e+09;80;0.00495486;0.0932424
2.3176e+09;80;0.00510679;0.094657
2.3374e+09;80;0.00526364;0.0960955
2.3572e+09;80;0.00542563;0.0975584
2.377e+09;80;0.00559295;0.0990466
2.3968e+09;80;0.00576584;0.100561
2.4166e+09;80;0.00594451;0.102102
2.4364e+09;80;0.00612922;0.103671
2.4562e+09;80;0.00632022;0.105268
2.476e+09;80;0.00651778;0.106894
2.4958e+09;80;0.00672219;0.108551
2.5156e+09;80;0.00693374;0.110239
2.5354e+09;80;0.00715274;0.11196
2.5552e+09;80;0.00737954;0.113714
2.575e+09;80;0.00761449;0.115502
2.5948e+09;80;0.00785795;0.117326
2.6146e+09;80;0.00811031;0.119186
2.6344e+09;80;0.008372;0.121085
2.6542e+09;80;0.00864346;0.123023
2.674e+09;80;0.00892513;0.125001
2.6938e+09;80;0.00921753;0.127021
2.7136e+09;80;0.00952117;0.129085
2.7334e+09;80;0.00983661;0.131194
2.7532e+09;80;0.0101644;0.13335
2.773e+09;80;0.0105052;0.135554
2.7928e+09;80;0.0108597;0.137808
2.8126e+09;80;0.0112286;0.140114
2.8324e+09;80;0.0116126;0.142474
2.8522e+09;80;0.0120125;0.14489
2.872e+09;80;0.0124292;0.147364
2.8918e+09;80;0.0128636;0.149899
2.9116e+09;80;0.0133166;0.152496
2.9314e+09;80;0.0137893;0.155158
2.9512e+09;80;0.0142829;0.157888
2.971e+09;80;0.0147984;0.160688
2.9908e+09;80;0.0153371;0.163562
3.0106e+09;80;0.0159005;0.166512
3.0304e+09;80;0.01649;0.169541
3.0502e+09;80;0.0171071;0.172654
3.07e+09;80;0.0177535;0.175853
3.0898e+09;80;0.0184311;0.179143
3.1096e+09;80;0.0191418;0.182527
3.1294e+09;80;0.0198877;0.186009
3.1492e+09;80;0.0206711;0.189595
3.169e+09;80;0.0214945;0.193288
3.1888e+09;80;0.0223604;0.197094
3.2086e+09;80;0.0232719;0.201018
3.2284e+09;80;0.024232;0.205066
3.2482e+09;80;0.0252441;0.209244
3.268e+09;80;0.026312;0.213558
3.2878e+09;80;0.0274396;0.218015
3.3076e+09;80;0.0286313;0.222622
3.3274e+09;80;0.0298919;0.227387
3.3472e+09;80;0.0312267;0.232319
3.367e+09;80;0.0326413;0.237426
3.3868e+09;80;0.0341421;0.242717
3.4066e+09;80;0.0357359;0.248203
3.4264e+09;80;0.0374304;0.253895
3.4462e+09;80;0.039234;0.259803
3.466e+09;80;0.0411558;0.265942
3.4858e+09;80;0.0432061;0.272323
3.5056e+09;80;0.0453962;0.278961
3.5254e+09;80;0.0477387;0.285873
3.5452e+09;80;0.0502476;0.293074
3.565e+09;80;0.0529384;0.300582
3.5848e+09;80;0.0558287;0.308417
3.6046e+09;80;0.0589379;0.316599
3.6244e+09;80;0.062288;0.325152
3.6442e+09;80;0.0659035;0.334099
3.664e+09;80;0.0698123;0.343467
3.6838e+09;80;0.0740459;0.353285
3.7036e+09;80;0.0786398;0.363583
3.7234e+09;80;0.0836346;0.374394
3.7432e+09;80;0.0890765;0.385755
3.763e+09;80;0.0950184;0.397704
3.7828e+09;80;0.101521;0.410283
3.8026e+09;80;0.108654;0.423538
3.8224e+09;80;0.116497;0.437515
3.8422e+09;80;0.125145;0.452268
3.862e+09;80;0.134705;0.467851
3.8818e+09;80;0.145303;0.484321
3.9016e+09;80;0.157089;0.501738
3.9214e+09;80;0.170234;0.520163
3.9412e+09;80;0.184945;0.539656
3.961e+09;80;0.201461;0.560276
3.9808e+09;80;0.22007;0.582074
4.0006e+09;80;0.241112;0.605089
4.0204e+09;80;0.264993;0.629339
4.0402e+09;80;0.292197;0.654811
4.06e+09;80;0.323299;0.681442
4.0798e+09;80;0.358988;0.709092
4.0996e+09;80;0.400078;0.737513
4.1194e+09;80;0.447531;0.766292
4.1392e+09;80;0.50246;0.79478
4.159e+09;80;0.566131;0.821994
4.1788e+09;80;0.639928;0.846479
4.1986e+09;80;0.725262;0.866132
4.2184e+09;80;0.82339;0.878002
4.2382e+09;80;0.935077;0.878076
4.258e+09;80;1.06005;0.861154
4.2778e+09;80;1.1962;0.820957
4.2976e+09;80;1.33859;0.750729
4.3174e+09;80;1.47861;0.644606
4.3372e+09;80;1.60385;0.499846
4.357e+09;80;1.6996;0.319402
4.3768e+09;80;1.75228;0.113486
4.3966e+09;80;1.75376;-0.101438
4.4164e+09;80;1.70447;-0.306626
4.4362e+09;80;1.61308;-0.486197
4.456e+09;80;1.49322;-0.630716
4.4758e+09;80;1.35913;-0.737785
4.4956e+09;80;1.22259;-0.810292
4.5154e+09;80;1.09171;-0.853915
4.5352e+09;80;0.971119;-0.875062
4.555e+09;80;0.86283;-0.879649
4.5748e+09;80;0.76716;-0.872571
4.5946e+09;80;0.683457;-0.857622
4.6144e+09;80;0.610609;-0.837616
4.6342e+09;80;0.547343;-0.814576
4.654e+09;80;0.4924;-0.789925
4.6738e+09;80;0.444619;-0.764642
4.6936e+09;80;0.402969;-0.739385
4.7134e+09;80;0.366556;-0.71459
4.7332e+09;80;0.334616;-0.69053
4.753e+09;80;0.306501;-0.667372
4.7728e+09;80;0.281664;-0.645205
4.7926e+09;80;0.259643;-0.624067
4.8124e+09;80;0.240048;-0.603964
4.8322e+09;80;0.222552;-0.584875
4.852e+09;80;0.206876;-0.566769
4.8718e+09;80;0.192785;-0.549603
4.8916e+09;80;0.180079;-0.533332
4.9114e+09;80;0.168586;-0.517906
4.9312e+09;80;0.15816;-0.503278
4.951e+09;80;0.148677;-0.489399
4.9708e+09;80;0.140028;-0.476223
4.9906e+09;80;0.132119;-0.463707
5.0104e+09;80;0.124869;-0.451808
5.0302e+09;80;0.118209;-0.440488
5.05e+09;80;0.112076;-0.42971
5.0698e+09;80;0.106417;-0.419439
5.0896e+09;80;0.101184;-0.409644
5.1094e+09;80;0.096337;-0.400295
5.1292e+09;80;0.091838;-0.391365
5.149e+09;80;0.0876548;-0.382827
5.1688e+09;80;0.0837587;-0.374658
5.1886e+09;80;0.0801241;-0.366836
5.2084e+09;80;0.0767281;-0.35934
5.2282e+09;80;0.0735501;-0.352152
5.248e+09;80;0.0705721;-0.345254
5.2678e+09;80;0.0677774;-0.338628
5.2876e+09;80;0.0651513;-0.332261
5.3074e+09;80;0.0626804;-0.326137
5.3272e+09;80;0.0603528;-0.320243
5.347e+09;80;0.0581574;-0.314568
5.3668e+09;80;0.0560844;-0.309099
5.3866e+09;80;0.0541249;-0.303826
5.4064e+09;80;0.0522705;-0.298738
5.4262e+09;80;0.050514;-0.293827
5.446e+09;80;0.0488483;-0.289082
5.4658e+09;80;0.0472675;-0.284498
5.4856e+09;80;0.0457656;-0.280064
5.5054e+09;80;0.0443375;-0.275775
5.5252e+09;80;0.0429785;-0.271623
5.545e+09;80;0.041684;-0.267602
5.5648e+09;80;0.0404499;-0.263705
5.5846e+09;80;0.0392727;-0.259929
5.6044e+09;80;0.0381486;-0.256266
5.6242e+09;80;0.0370747;-0.252711
5.644e+09;80;0.0360478;-0.249261
5.6638e+09;80;0.0350653;-0.245911
5.6836e+09;80;0.0341246;-0.242656
5.7034e+09;80;0.0332233;-0.239493
5.7232e+09;80;0.0323592;-0.236417
5.743e+09;80;0.0315303;-0.233425
5.7628e+09;80;0.0307346;-0.230514
5.7826e+09;80;0.0299704;-0.227681
5.8024e+09;80;0.029236;-0.224922
5.8222e+09;80;0.0285299;-0.222234
5.842e+09;80;0.0278505;-0.219615
5.8618e+09;80;0.0271965;-0.217062
5.8816e+09;80;0.0265668;-0.214573
5.9014e+09;80;0.0259599;-0.212146
5.9212e+09;80;0.0253749;-0.209777
5.941e+09;80;0.0248107;-0.207466
5.9608e+09;80;0.0242663;-0.205209
5.9806e+09;80;0.0237407;-0.203005
6.0004e+09;80;0.0232331;-0.200853
6.0202e+09;80;0.0227426;-0.198749
6.04e+09;80;0.0222685;-0.196694
6.0598e+09;80;0.0218101;-0.194684
6.0796e+09;80;0.0213666;-0.192719
6.0994e+09;80;0.0209373;-0.190797
6.1192e+09;80;0.0205218;-0.188917
6.139e+09;80;0.0201193;-0.187077
6.1588e+09;80;0.0197293;-0.185275
6.1786e+09;80;0.0193513;-0.183512
6.1984e+09;80;0.0189849;-0.181785
6.2182e+09;80;0.0186294;-0.180094
6.238e+09;80;0.0182845;-0.178437
6.2578e+09;80;0.0179498;-0.176813
6.2776e+09;80;0.0176248;-0.175221
6.2974e+09;80;0.0173092;-0.173661
6.3172e+09;80;0.0170026;-0.172131
6.337e+09;80;0.0167046;-0.170631
6.3568e+09;80;0.016415;-0.169159
6.3766e+09;80;0.0161333;-0.167715
6.3964e+09;80;0.0158594;-0.166298
6.4162e+09;80;0.0155929;-0.164907
6.436e+09;80;0.0153335;-0.163542
6.4558e+09;80;0.015081;-0.162202
6.4756e+09;80;0.0148352;-0.160886
6.4954e+09;80;0.0145957;-0.159593
6.5152e+09;80;0.0143624;-0.158323
6.535e+09;80;0.0141351;-0.157076
6.5548e+09;80;0.0139136;-0.15585
6.5746e+09;80;0.0136976;-0.154645
6.5944e+09;80;0.0134869;-0.15346
6.6142e+09;80;0.0132815;-0.152296
6.634e+09;80;0.013081;-0.151151
6.6538e+09;80;0.0128854;-0.150025
6.6736e+09;80;0.0126945;-0.148918
6.6934e+09;80;0.0125081;-0.147828
6.7132e+09;80;0.0123262;-0.146757
6.733e+09;80;0.0121484;-0.145702
6.7528e+09;80;0.0119748;-0.144664
6.7726e+09;80;0.0118051;-0.143643
6.7924e+09;80;0.0116393;-0.142637
6.8122e+09;80;0.0114772;-0.141647
6.832e+09;80;0.0113188;-0.140672
6.8518e+09;80;0.0111639;-0.139712
6.8716e+09;80;0.0110123;-0.138767
6.8914e+09;80;0.0108641;-0.137836
6.9112e+09;80;0.0107191;-0.136918
6.931e+09;80;0.0105772;-0.136015
6.9508e+09;80;0.0104383;-0.135124
6.9706e+09;80;0.0103023;-0.134246
6.9904e+09;80;0.0101692;-0.133381
7.0102e+09;80;0.0100388;-0.132529
7.03e+09;80;0.00991119;-0.131688
7.0498e+09;80;0.00978614;-0.130859
7.0696e+09;80;0.00966362;-0.130042
7.0894e+09;80;0.00954358;-0.129236
7.1092e+09;80;0.00942593;-0.128442
7.129e+09;80;0.00931062;-0.127658
7.1488e+09;80;0.00919758;-0.126885
7.1686e+09;80;0.00908675;-0.126122
7.1884e+09;80;0.00897807;-0.125369
7.2082e+09;80;0.00887148;-0.124627
7.228e+09;80;0.00876693;-0.123894
7.2478e+09;80;0.00866436;-0.12317
7.2676e+09;80;0.00856372;-0.122457
7.2874e+09;80;0.00846497;-0.121752
7.3072e+09;80;0.00836806;-0.121056
7.327e+09;80;0.00827293;-0.12037
7.3468e+09;80;0.00817954;-0.119691
7.3666e+09;80;0.00808786;-0.119022
7.3864e+09;80;0.00799783;-0.118361
7.4062e+09;80;0.00790941;-0.117707
7.426e+09;80;0.00782257;-0.117062
7.4458e+09;80;0.00773727;-0.116425
7.4656e+09;80;0.00765347;-0.115796
7.4854e+09;80;0.00757113;-0.115174
7.5052e+09;80;0.00749022;-0.114559
7.525e+09;80;0.0074107;-0.113952
7.5448e+09;80;0.00733254;-0.113352
7.5646e+09;80;0.00725572;-0.11276
7.5844e+09;80;0.00718019;-0.112174
7.6042e+09;80;0.00710593;-0.111594
7.624e+09;80;0.00703291;-0.111022
7.6438e+09;80;0.0069611;-0.110456
7.6636e+09;80;0.00689047;-0.109896
7.6834e+09;80;0.006821;-0.109343
7.7032e+09;80;0.00675266;-0.108796
7.723e+09;80;0.00668543;-0.108255
7.7428e+09;80;0.00661927;-0.10772
7.7626e+09;80;0.00655417;-0.107191
7.7824e+09;80;0.0064901;-0.106668
7.8022e+09;80;0.00642705;-0.10615
7.822e+09;80;0.00636498;-0.105638
7.8418e+09;80;0.00630388;-0.105132
7.8616e+09;80;0.00624373;-0.104631
7.8814e+09;80;0.0061845;-0.104135
7.9012e+09;80;0.00612618;-0.103645
7.921e+09;80;0.00606874;-0.10316
7.9408e+09;80;0.00601218;-0.102679
7.9606e+09;80;0.00595647;-0.102204
7.9804e+09;80;0.00590159;-0.101734
8.0002e+09;80;0.00584752;-0.101268
8.02e+09;80;0.00579426;-0.100807
8.0398e+09;80;0.00574177;-0.100351
8.0596e+09;80;0.00569006;-0.0998999
8.0794e+09;80;0.0056391;-0.099453
8.0992e+09;80;0.00558887;-0.0990105
8.119e+09;80;0.00553936;-0.0985724
8.1388e+09;80;0.00549057;-0.0981387
8.1586e+09;80;0.00544246;-0.0977092
8.1784e+09;80;0.00539504;-0.0972839
8.1982e+09;80;0.00534828;-0.0968627
8.218e+09;80;0.00530218;-0.0964456
8.2378e+09;80;0.00525672;-0.0960324
8.2576e+09;80;0.00521189;-0.0956233
8.2774e+09;80;0.00516767;-0.095218
8.2972e+09;80;0.00512406;-0.0948165
8.317e+09;80;0.00508105;-0.0944189
8.3368e+09;80;0.00503861;-0.0940249
8.3566e+09;80;0.00499675;-0.0936346
8.3764e+09;80;0.00495545;-0.093248
8.3962e+09;80;0.0049147;-0.0928648
8.416e+09;80;0.00487449;-0.0924852
8.4358e+09;80;0.00483481;-0.0921091
8.4556e+09;80;0.00479565;-0.0917363
8.4754e+09;80;0.00475701;-0.091367
8.4952e+09;80;0.00471886;-0.0910009
8.515e+09;80;0.00468121;-0.0906381
8.5348e+09;80;0.00464404;-0.0902785
8.5546e+09;80;0.00460735;-0.0899222
8.5744e+09;80;0.00457113;-0.0895689
8.5942e+09;80;0.00453537;-0.0892187
8.614e+09;80;0.00450006;-0.0888716
8.6338e+09;80;0.00446519;-0.0885275
8.6536e+09;80;0.00443075;-0.0881864
8.6734e+09;80;0.00439675;-0.0878482
8.6932e+09;80;0.00436316;-0.0875128
8.713e+09;80;0.00432999;-0.0871804
8.7328e+09;80;0.00429723;-0.0868507
8.7526e+09;80;0.00426486;-0.0865238
8.7724e+09;80;0.00423289;-0.0861997
8.7922e+09;80;0.0042013;-0.0858782
8.812e+09;80;0.0041701;-0.0855595
8.8318e+09;80;0.00413926;-0.0852433
8.8516e+09;80;0.0041088;-0.0849298
8.8714e+09;80;0.00407869;-0.0846188
8.8912e+09;80;0.00404895;-0.0843104
8.911e+09;80;0.00401955;-0.0840044
8.9308e+09;80;0.00399049;-0.0837009
8.9506e+09;80;0.00396177;-0.0833999
8.9704e+09;80;0.00393339;-0.0831013
8.9902e+09;80;0.00390533;-0.082805
9.01e+09;80;0.0038776;-0.0825111
9.0298e+09;80;0.00385018;-0.0822196
9.0496e+09;80;0.00382308;-0.0819303
9.0694e+09;80;0.00379628;-0.0816432
9.0892e+09;80;0.00376978;-0.0813585
9.109e+09;80;0.00374359;-0.0810759
9.1288e+09;80;0.00371768;-0.0807955
9.1486e+09;80;0.00369207;-0.0805172
9.1684e+09;80;0.00366673;-0.0802411
9.1882e+09;80;0.00364168;-0.0799671
9.208e+09;80;0.0036169;-0.0796951
9.2278e+09;80;0.0035924;-0.0794253
9.2476e+09;80;0.00356816;-0.0791574
9.2674e+09;80;0.00354418;-0.0788916
9.2872e+09;80;0.00352047;-0.0786277
9.307e+09;80;0.00349701;-0.0783658
9.3268e+09;80;0.0034738;-0.0781058
9.3466e+09;80;0.00345084;-0.0778477
9.3664e+09;80;0.00342812;-0.0775916
9.3862e+09;80;0.00340564;-0.0773373
9.406e+09;80;0.0033834;-0.0770848
9.4258e+09;80;0.00336139;-0.0768342
9.4456e+09;80;0.00333962;-0.0765854
9.4654e+09;80;0.00331807;-0.0763384
9.4852e+09;80;0.00329674;-0.0760931
9.505e+09;80;0.00327563;-0.0758496
9.5248e+09;80;0.00325474;-0.0756078
9.5446e+09;80;0.00323407;-0.0753677
9.5644e+09;80;0.00321361;-0.0751293
9.5842e+09;80;0.00319335;-0.0748926
9.604e+09;80;0.0031733;-0.0746575
9.6238e+09;80;0.00315345;-0.0744241
9.6436e+09;80;0.0031338;-0.0741923
9.6634e+09;80;0.00311435;-0.0739621
9.6832e+09;80;0.00309509;-0.0737334
9.703e+09;80;0.00307602;-0.0735064
9.7228e+09;80;0.00305714;-0.0732808
9.7426e+09;80;0.00303845;-0.0730568
9.7624e+09;80;0.00301994;-0.0728344
9.7822e+09;80;0.00300161;-0.0726134
9.802e+09;80;0.00298346;-0.0723939
9.8218e+09;80;0.00296549;-0.0721759
9.8416e+09;80;0.00294769;-0.0719593
9.8614e+09;80;0.00293006;-0.0717441
9.8812e+09;80;0.0029126;-0.0715304
9.901e+09;80;0.00289531;-0.0713181
9.9208e+09;80;0.00287818;-0.0711072
9.9406e+09;80;0.00286121;-0.0708976
9.9604e+09;80;0.00284441;-0.0706895
9.9802e+09;80;0.00282776;-0.0704826
1e+10;80;0.00281127;-0.0702771
1e+08;125;6.41906e-06;0.00295462
1.198e+08;125;9.21679e-06;0.00354043
1.396e+08;125;1.25218e-05;0.00412666
1.594e+08;125;1.63357e-05;0.0047134
1.792e+08;125;2.06604e-05;0.00530071
1.99e+08;125;2.5498e-05;0.00588867
2.188e+08;125;3.08508e-05;0.00647734
2.386e+08;125;3.67216e-05;0.0070668
2.584e+08;125;4.3113e-05;0.00765712
2.782e+08;125;5.00284e-05;0.00824838
2.98e+08;125;5.74711e-05;0.00884065
3.178e+08;125;6.54448e-05;0.00943399
3.376e+08;125;7.39535e-05;0.0100285
3.574e+08;125;8.30013e-05;0.0106242
3.772e+08;125;9.25928e-05;0.0112213
3.97e+08;125;0.000102733;0.0118197
4.168e+08;125;0.000113426;0.0124196
4.366e+08;125;0.000124678;0.013021
4.564e+08;125;0.000136495;0.013624
4.762e+08;125;0.000148883;0.0142287
4.96e+08;125;0.000161847;0.0148352
5.158e+08;125;0.000175394;0.0154436
5.356e+08;125;0.000189532;0.0160538
5.554e+08;125;0.000204267;0.0166661
5.752e+08;125;0.000219607;0.0172805
5.95e+08;125;0.00023556;0.0178971
6.148e+08;125;0.000252135;0.0185159
6.346e+08;125;0.000269339;0.019137
6.544e+08;125;0.000287182;0.0197606
6.742e+08;125;0.000305673;0.0203867
6.94e+08;125;0.000324822;0.0210155
7.138e+08;125;0.000344638;0.0216469
7.336e+08;125;0.000365134;0.0222811
7.534e+08;125;0.000386319;0.0229182
7.732e+08;125;0.000408205;0.0235582
7.93e+08;125;0.000430803;0.0242013
8.128e+08;125;0.000454127;0.0248476
8.326e+08;125;0.000478188;0.0254971
8.524e+08;125;0.000503;0.02615
8.722e+08;125;0.000528576;0.0268064
8.92e+08;125;0.000554932;0.0274663
9.118e+08;125;0.000582081;0.0281298
9.316e+08;125;0.000610039;0.0287972
9.514e+08;125;0.000638821;0.0294684
9.712e+08;125;0.000668444;0.0301435
9.91e+08;125;0.000698926;0.0308228
1.0108e+09;125;0.000730283;0.0315063
1.0306e+09;125;0.000762533;0.0321941
1.0504e+09;125;0.000795697;0.0328863
1.0702e+09;125;0.000829792;0.0335831
1.09e+09;125;0.000864841;0.0342845
1.1098e+09;125;0.000900862;0.0349908
1.1296e+09;125;0.000937879;0.035702
1.1494e+09;125;0.000975913;0.0364182
1.1692e+09;125;0.00101499;0.0371396
1.189e+09;125;0.00105513;0.0378663
1.2088e+09;125;0.00109636;0.0385984
1.2286e+09;125;0.00113871;0.0393362
1.2484e+09;125;0.00118219;0.0400797
1.2682e+09;125;0.00122685;0.040829
1.288e+09;125;0.00127271;0.0415844
1.3078e+09;125;0.0013198;0.0423459
1.3276e+09;125;0.00136815;0.0431138
1.3474e+09;125;0.00141778;0.0438881
1.3672e+09;125;0.00146875;0.0446691
1.387e+09;125;0.00152107;0.0454569
1.4068e+09;125;0.00157479;0.0462517
1.4266e+09;125;0.00162993;0.0470536
1.4464e+09;125;0.00168655;0.0478629
1.4662e+09;125;0.00174468;0.0486796
1.486e+09;125;0.00180435;0.0495041
1.5058e+09;125;0.00186562;0.0503364
1.5256e+09;125;0.00192853;0.0511769
1.5454e+09;125;0.00199312;0.0520255
1.5652e+09;125;0.00205944;0.0528827
1.585e+09;125;0.00212754;0.0537486
1.6048e+09;125;0.00219747;0.0546234
1.6246e+09;125;0.00226928;0.0555073
1.6444e+09;125;0.00234303;0.0564005
1.6642e+09;125;0.00241878;0.0573033
1.684e+09;125;0.00249658;0.058216
1.7038e+09;125;0.0025765;0.0591387
1.7236e+09;125;0.00265861;0.0600718
1.7434e+09;125;0.00274296;0.0610154
1.7632e+09;125;0.00282962;0.0619699
1.783e+09;125;0.00291868;0.0629355
1.8028e+09;125;0.00301021;0.0639125
1.8226e+09;125;0.00310427;0.0649011
1.8424e+09;125;0.00320097;0.0659018
1.8622e+09;125;0.00330037;0.0669148
1.882e+09;125;0.00340256;0.0679403
1.9018e+09;125;0.00350765;0.0689788
1.9216e+09;125;0.00361572;0.0700306
1.9414e+09;125;0.00372687;0.071096
1.9612e+09;125;0.00384122;0.0721753
1.981e+09;125;0.00395885;0.073269
2.0008e+09;125;0.0040799;0.0743774
2.0206e+09;125;0.00420447;0.0755009
2.0404e+09;125;0.00433269;0.0766398
2.0602e+09;125;0.00446469;0.0777947
2.08e+09;125;0.0046006;0.078966
2.0998e+09;125;0.00474056;0.080154
2.1196e+09;125;0.00488472;0.0813593
2.1394e+09;125;0.00503323;0.0825822
2.1592e+09;125;0.00518625;0.0838234
2.179e+09;125;0.00534394;0.0850833
2.1988e+09;125;0.00550649;0.0863624
2.2186e+09;125;0.00567407;0.0876613
2.2384e+09;125;0.00584687;0.0889804
2.2582e+09;125;0.0060251;0.0903205
2.278e+09;125;0.00620897;0.0916821
2.2978e+09;125;0.00639869;0.0930658
2.3176e+09;125;0.00659451;0.0944722
2.3374e+09;125;0.00679665;0.0959021
2.3572e+09;125;0.00700538;0.0973561
2.377e+09;125;0.00722097;0.0988348
2.3968e+09;125;0.00744368;0.100339
2.4166e+09;125;0.00767383;0.10187
2.4364e+09;125;0.00791171;0.103428
2.4562e+09;125;0.00815766;0.105013
2.476e+09;125;0.00841202;0.106628
2.4958e+09;125;0.00867516;0.108272
2.5156e+09;125;0.00894744;0.109947
2.5354e+09;125;0.00922928;0.111654
2.5552e+09;125;0.0095211;0.113393
2.575e+09;125;0.00982334;0.115166
2.5948e+09;125;0.0101365;0.116974
2.6146e+09;125;0.010461;0.118817
2.6344e+09;125;0.0107975;0.120698
2.6542e+09;125;0.0111464;0.122617
2.674e+09;125;0.0115084;0.124575
2.6938e+09;125;0.0118841;0.126575
2.7136e+09;125;0.0122742;0.128616
2.7334e+09;125;0.0126793;0.130702
2.7532e+09;125;0.0131002;0.132833
2.773e+09;125;0.0135377;0.135011
2.7928e+09;125;0.0139927;0.137237
2.8126e+09;125;0.0144659;0.139514
2.8324e+09;125;0.0149584;0.141844
2.8522e+09;125;0.0154712;0.144227
2.872e+09;125;0.0160053;0.146666
2.8918e+09;125;0.0165619;0.149164
2.9116e+09;125;0.0171422;0.151722
2.9314e+09;125;0.0177476;0.154343
2.9512e+09;125;0.0183793;0.157028
2.971e+09;125;0.0190389;0.159782
2.9908e+09;125;0.019728;0.162606
3.0106e+09;125;0.0204483;0.165504
3.0304e+09;125;0.0212016;0.168477
3.0502e+09;125;0.0219899;0.17153
3.07e+09;125;0.0228152;0.174665
3.0898e+09;125;0.0236799;0.177887
3.1096e+09;125;0.0245863;0.181198
3.1294e+09;125;0.0255371;0.184603
3.1492e+09;125;0.0265352;0.188105
3.169e+09;125;0.0275835;0.191709
3.1888e+09;125;0.0286853;0.19542
3.2086e+09;125;0.0298443;0.199242
3.2284e+09;125;0.0310642;0.20318
3.2482e+09;125;0.0323493;0.20724
3.268e+09;125;0.033704;0.211427
3.2878e+09;125;0.0351334;0.215747
3.3076e+09;125;0.0366427;0.220207
3.3274e+09;125;0.0382377;0.224813
3.3472e+09;125;0.039925;0.229573
3.367e+09;125;0.0417113;0.234494
3.3868e+09;125;0.0436044;0.239584
3.4066e+09;125;0.0456125;0.244851
3.4264e+09;125;0.0477448;0.250306
3.4462e+09;125;0.0500112;0.255957
3.466e+09;125;0.0524229;0.261814
3.4858e+09;125;0.054992;0.267889
3.5056e+09;125;0.0577319;0.274193
3.5254e+09;125;0.0606574;0.280739
3.5452e+09;125;0.063785;0.287539
3.565e+09;125;0.0671329;0.294607
3.5848e+09;125;0.0707215;0.301959
3.6046e+09;125;0.0745731;0.309609
3.6244e+09;125;0.0787131;0.317575
3.6442e+09;125;0.0831696;0.325873
3.664e+09;125;0.087974;0.334522
3.6838e+09;125;0.0931617;0.343541
3.7036e+09;125;0.0987726;0.352951
3.7234e+09;125;0.104851;0.362772
3.7432e+09;125;0.111449;0.373027
3.763e+09;125;0.118622;0.383737
3.7828e+09;125;0.126436;0.394925
3.8026e+09;125;0.134964;0.406614
3.8224e+09;125;0.144291;0.418825
3.8422e+09;125;0.154511;0.431579
3.862e+09;125;0.165736;0.444894
3.8818e+09;125;0.178088;0.458785
3.9016e+09;125;0.191713;0.47326
3.9214e+09;125;0.206774;0.488319
3.9412e+09;125;0.223459;0.503954
3.961e+09;125;0.241986;0.520136
3.9808e+09;125;0.2626;0.53682
4.0006e+09;125;0.285586;0.553928
4.0204e+09;125;0.311265;0.571343
4.0402e+09;125;0.340002;0.588897
4.06e+09;125;0.372205;0.60635
4.0798e+09;125;0.408325;0.62337
4.0996e+09;125;0.448852;0.639506
4.1194e+09;125;0.494299;0.65415
4.1392e+09;125;0.545175;0.666497
4.159e+09;125;0.601948;0.675503
4.1788e+09;125;0.664966;0.679831
4.1986e+09;125;0.73436;0.67782
4.2184e+09;125;0.809894;0.667475
4.2382e+09;125;0.890778;0.646504
4.258e+09;125;0.97545;0.612457
4.2778e+09;125;1.06137;0.562987
4.2976e+09;125;1.14488;0.496264
4.3174e+09;125;1.22133;0.411521
4.3372e+09;125;1.28541;0.309623
4.357e+09;125;1.3319;0.193454
4.3768e+09;125;1.35659;0.0679058
4.3966e+09;125;1.35728;-0.0606759
4.4164e+09;125;1.3342;-0.185506
4.4362e+09;125;1.28999;-0.300509
4.456e+09;125;1.22901;-0.40122
4.4758e+09;125;1.15643;-0.485184
4.4956e+09;125;1.07731;-0.551847
4.5154e+09;125;0.995993;-0.602115
4.5352e+09;125;0.915804;-0.637802
4.555e+09;125;0.839051;-0.661133
4.5748e+09;125;0.767147;-0.674389
4.5946e+09;125;0.700813;-0.679678
4.6144e+09;125;0.640275;-0.678836
4.6342e+09;125;0.585434;-0.67339
4.654e+09;125;0.535993;-0.664574
4.6738e+09;125;0.491551;-0.653363
4.6936e+09;125;0.451662;-0.640514
4.7134e+09;125;0.415874;-0.626606
4.7332e+09;125;0.383754;-0.612075
4.753e+09;125;0.354898;-0.597249
4.7728e+09;125;0.32894;-0.58237
4.7926e+09;125;0.305549;-0.567613
4.8124e+09;125;0.284432;-0.553104
4.8322e+09;125;0.265329;-0.538931
4.852e+09;125;0.248013;-0.525153
4.8718e+09;125;0.232281;-0.511807
4.8916e+09;125;0.21796;-0.498916
4.9114e+09;125;0.204893;-0.486489
4.9312e+09;125;0.192946;-0.474528
4.951e+09;125;0.182;-0.463028
4.9708e+09;125;0.171951;-0.451979
4.9906e+09;125;0.162707;-0.441369
5.0104e+09;125;0.154187;-0.431184
5.0302e+09;125;0.146319;-0.421406
5.05e+09;125;0.13904;-0.412021
5.0698e+09;125;0.132294;-0.403011
5.0896e+09;125;0.126032;-0.394359
5.1094e+09;125;0.120209;-0.386049
5.1292e+09;125;0.114786;-0.378064
5.149e+09;125;0.109728;-0.37039
5.1688e+09;125;0.105002;-0.363011
5.1886e+09;125;0.100581;-0.355912
5.2084e+09;125;0.09644;-0.34908
5.2282e+09;125;0.0925551;-0.342502
5.248e+09;125;0.0889061;-0.336166
5.2678e+09;125;0.0854745;-0.330059
5.2876e+09;125;0.0822433;-0.32417
5.3074e+09;125;0.0791974;-0.31849
5.3272e+09;125;0.0763228;-0.313007
5.347e+09;125;0.0736071;-0.307713
5.3668e+09;125;0.0710386;-0.302598
5.3866e+09;125;0.0686069;-0.297654
5.4064e+09;125;0.0663026;-0.292874
5.4262e+09;125;0.0641168;-0.288249
5.446e+09;125;0.0620415;-0.283773
5.4658e+09;125;0.0600693;-0.279438
5.4856e+09;125;0.0581936;-0.275239
5.5054e+09;125;0.056408;-0.271169
5.5252e+09;125;0.054707;-0.267223
5.545e+09;125;0.0530851;-0.263396
5.5648e+09;125;0.0515375;-0.259682
5.5846e+09;125;0.0500598;-0.256076
5.6044e+09;125;0.0486477;-0.252575
5.6242e+09;125;0.0472973;-0.249173
5.644e+09;125;0.0460052;-0.245866
5.6638e+09;125;0.0447679;-0.242652
5.6836e+09;125;0.0435824;-0.239525
5.7034e+09;125;0.0424458;-0.236483
5.7232e+09;125;0.0413553;-0.233522
5.743e+09;125;0.0403086;-0.23064
5.7628e+09;125;0.0393032;-0.227832
5.7826e+09;125;0.0383371;-0.225097
5.8024e+09;125;0.037408;-0.222431
5.8222e+09;125;0.0365143;-0.219831
5.842e+09;125;0.0356539;-0.217297
5.8618e+09;125;0.0348254;-0.214824
5.8816e+09;125;0.0340271;-0.212412
5.9014e+09;125;0.0332575;-0.210057
5.9212e+09;125;0.0325153;-0.207758
5.941e+09;125;0.0317991;-0.205512
5.9608e+09;125;0.0311077;-0.203319
5.9806e+09;125;0.03044;-0.201176
6.0004e+09;125;0.0297949;-0.199081
6.0202e+09;125;0.0291714;-0.197033
6.04e+09;125;0.0285684;-0.19503
6.0598e+09;125;0.0279851;-0.193071
6.0796e+09;125;0.0274207;-0.191155
6.0994e+09;125;0.0268742;-0.189279
6.1192e+09;125;0.026345;-0.187443
6.139e+09;125;0.0258322;-0.185646
6.1588e+09;125;0.0253353;-0.183886
6.1786e+09;125;0.0248535;-0.182162
6.1984e+09;125;0.0243862;-0.180473
6.2182e+09;125;0.0239328;-0.178818
6.238e+09;125;0.0234929;-0.177195
6.2578e+09;125;0.0230657;-0.175605
6.2776e+09;125;0.0226509;-0.174046
6.2974e+09;125;0.022248;-0.172517
6.3172e+09;125;0.0218564;-0.171017
6.337e+09;125;0.0214758;-0.169546
6.3568e+09;125;0.0211058;-0.168102
6.3766e+09;125;0.0207459;-0.166685
6.3964e+09;125;0.0203957;-0.165294
6.4162e+09;125;0.020055;-0.163928
6.436e+09;125;0.0197234;-0.162587
6.4558e+09;125;0.0194005;-0.16127
6.4756e+09;125;0.019086;-0.159977
6.4954e+09;125;0.0187796;-0.158706
6.5152e+09;125;0.0184811;-0.157457
6.535e+09;125;0.0181902;-0.15623
6.5548e+09;125;0.0179066;-0.155023
6.5746e+09;125;0.0176301;-0.153838
6.5944e+09;125;0.0173604;-0.152672
6.6142e+09;125;0.0170972;-0.151525
6.634e+09;125;0.0168405;-0.150397
6.6538e+09;125;0.0165899;-0.149288
6.6736e+09;125;0.0163453;-0.148197
6.6934e+09;125;0.0161065;-0.147123
6.7132e+09;125;0.0158732;-0.146067
6.733e+09;125;0.0156454;-0.145027
6.7528e+09;125;0.0154228;-0.144004
6.7726e+09;125;0.0152053;-0.142996
6.7924e+09;125;0.0149926;-0.142004
6.8122e+09;125;0.0147848;-0.141027
6.832e+09;125;0.0145816;-0.140065
6.8518e+09;125;0.0143828;-0.139118
6.8716e+09;125;0.0141884;-0.138184
6.8914e+09;125;0.0139982;-0.137265
6.9112e+09;125;0.0138121;-0.136359
6.931e+09;125;0.01363;-0.135466
6.9508e+09;125;0.0134518;-0.134586
6.9706e+09;125;0.0132772;-0.133719
6.9904e+09;125;0.0131063;-0.132864
7.0102e+09;125;0.012939;-0.132021
7.03e+09;125;0.0127751;-0.13119
7.0498e+09;125;0.0126145;-0.130371
7.0696e+09;125;0.0124572;-0.129563
7.0894e+09;125;0.012303;-0.128766
7.1092e+09;125;0.0121519;-0.12798
7.129e+09;125;0.0120037;-0.127204
7.1488e+09;125;0.0118585;-0.126439
7.1686e+09;125;0.0117161;-0.125684
7.1884e+09;125;0.0115764;-0.124939
7.2082e+09;125;0.0114395;-0.124204
7.228e+09;125;0.0113051;-0.123479
7.2478e+09;125;0.0111733;-0.122763
7.2676e+09;125;0.0110439;-0.122056
7.2874e+09;125;0.010917;-0.121358
7.3072e+09;125;0.0107924;-0.120669
7.327e+09;125;0.0106701;-0.119989
7.3468e+09;125;0.01055;-0.119318
7.3666e+09;125;0.0104321;-0.118654
7.3864e+09;125;0.0103164;-0.117999
7.4062e+09;125;0.0102027;-0.117352
7.426e+09;125;0.010091;-0.116713
7.4458e+09;125;0.00998127;-0.116081
7.4656e+09;125;0.00987348;-0.115457
7.4854e+09;125;0.00976757;-0.114841
7.5052e+09;125;0.00966348;-0.114232
7.525e+09;125;0.00956118;-0.11363
7.5448e+09;125;0.00946063;-0.113035
7.5646e+09;125;0.00936178;-0.112447
7.5844e+09;125;0.0092646;-0.111866
7.6042e+09;125;0.00916904;-0.111291
7.624e+09;125;0.00907508;-0.110723
7.6438e+09;125;0.00898266;-0.110162
7.6636e+09;125;0.00889176;-0.109607
7.6834e+09;125;0.00880235;-0.109058
7.7032e+09;125;0.00871438;-0.108515
7.723e+09;125;0.00862784;-0.107979
7.7428e+09;125;0.00854267;-0.107448
7.7626e+09;125;0.00845887;-0.106923
7.7824e+09;125;0.00837639;-0.106403
7.8022e+09;125;0.00829521;-0.10589
7.822e+09;125;0.00821529;-0.105381
7.8418e+09;125;0.00813662;-0.104879
7.8616e+09;125;0.00805916;-0.104381
7.8814e+09;125;0.00798289;-0.103889
7.9012e+09;125;0.00790779;-0.103402
7.921e+09;125;0.00783383;-0.10292
7.9408e+09;125;0.00776098;-0.102443
7.9606e+09;125;0.00768922;-0.101971
7.9804e+09;125;0.00761854;-0.101504
8.0002e+09;125;0.0075489;-0.101042
8.02e+09;125;0.00748029;-0.100584
8.0398e+09;125;0.00741268;-0.100131
8.0596e+09;125;0.00734606;-0.0996827
8.0794e+09;125;0.00728041;-0.0992386
8.0992e+09;125;0.0072157;-0.098799
8.119e+09;125;0.00715192;-0.0983637
8.1388e+09;125;0.00708905;-0.0979327
8.1586e+09;125;0.00702708;-0.0975059
8.1784e+09;125;0.00696597;-0.0970832
8.1982e+09;125;0.00690572;-0.0966646
8.218e+09;125;0.00684632;-0.0962501
8.2378e+09;125;0.00678773;-0.0958395
8.2576e+09;125;0.00672996;-0.0954327
8.2774e+09;125;0.00667298;-0.0950299
8.2972e+09;125;0.00661677;-0.0946308
8.317e+09;125;0.00656133;-0.0942355
8.3368e+09;125;0.00650664;-0.0938438
8.3566e+09;125;0.00645269;-0.0934558
8.3764e+09;125;0.00639945;-0.0930713
8.3962e+09;125;0.00634693;-0.0926903
8.416e+09;125;0.0062951;-0.0923129
8.4358e+09;125;0.00624395;-0.0919388
8.4556e+09;125;0.00619347;-0.0915681
8.4754e+09;125;0.00614365;-0.0912008
8.4952e+09;125;0.00609448;-0.0908367
8.515e+09;125;0.00604594;-0.0904759
8.5348e+09;125;0.00599802;-0.0901182
8.5546e+09;125;0.00595072;-0.0897637
8.5744e+09;125;0.00590401;-0.0894123
8.5942e+09;125;0.0058579;-0.089064
8.614e+09;125;0.00581237;-0.0887187
8.6338e+09;125;0.00576741;-0.0883763
8.6536e+09;125;0.00572301;-0.0880369
8.6734e+09;125;0.00567916;-0.0877005
8.6932e+09;125;0.00563585;-0.0873668
8.713e+09;125;0.00559308;-0.087036
8.7328e+09;125;0.00555082;-0.086708
8.7526e+09;125;0.00550908;-0.0863827
8.7724e+09;125;0.00546785;-0.0860601
8.7922e+09;125;0.00542712;-0.0857402
8.812e+09;125;0.00538687;-0.085423
8.8318e+09;125;0.0053471;-0.0851084
8.8516e+09;125;0.00530781;-0.0847963
8.8714e+09;125;0.00526898;-0.0844868
8.8912e+09;125;0.00523061;-0.0841798
8.911e+09;125;0.00519269;-0.0838753
8.9308e+09;125;0.00515521;-0.0835732
8.9506e+09;125;0.00511817;-0.0832735
8.9704e+09;125;0.00508156;-0.0829763
8.9902e+09;125;0.00504536;-0.0826814
9.01e+09;125;0.00500959;-0.0823888
9.0298e+09;125;0.00497422;-0.0820985
9.0496e+09;125;0.00493925;-0.0818105
9.0694e+09;125;0.00490468;-0.0815247
9.0892e+09;125;0.0048705;-0.0812411
9.109e+09;125;0.0048367;-0.0809598
9.1288e+09;125;0.00480328;-0.0806806
9.1486e+09;125;0.00477023;-0.0804035
9.1684e+09;125;0.00473754;-0.0801286
9.1882e+09;125;0.00470522;-0.0798557
9.208e+09;125;0.00467325;-0.0795849
9.2278e+09;125;0.00464163;-0.0793161
9.2476e+09;125;0.00461036;-0.0790494
9.2674e+09;125;0.00457942;-0.0787846
9.2872e+09;125;0.00454882;-0.0785218
9.307e+09;125;0.00451854;-0.0782609
9.3268e+09;125;0.0044886;-0.078002
9.3466e+09;125;0.00445896;-0.077745
9.3664e+09;125;0.00442965;-0.0774898
9.3862e+09;125;0.00440064;-0.0772365
9.406e+09;125;0.00437194;-0.0769851
9.4258e+09;125;0.00434354;-0.0767354
9.4456e+09;125;0.00431544;-0.0764875
9.4654e+09;125;0.00428763;-0.0762415
9.4852e+09;125;0.0042601;-0.0759971
9.505e+09;125;0.00423286;-0.0757545
9.5248e+09;125;0.0042059;-0.0755137
9.5446e+09;125;0.00417922;-0.0752745
9.5644e+09;125;0.00415281;-0.075037
9.5842e+09;125;0.00412666;-0.0748011
9.604e+09;125;0.00410078;-0.0745669
9.6238e+09;125;0.00407516;-0.0743343
9.6436e+09;125;0.0040498;-0.0741033
9.6634e+09;125;0.00402469;-0.0738739
9.6832e+09;125;0.00399983;-0.0736461
9.703e+09;125;0.00397522;-0.0734199
9.7228e+09;125;0.00395085;-0.0731951
9.7426e+09;125;0.00392672;-0.0729719
9.7624e+09;125;0.00390283;-0.0727502
9.7822e+09;125;0.00387917;-0.07253
9.802e+09;125;0.00385574;-0.0723112
9.8218e+09;125;0.00383254;-0.072094
9.8416e+09;125;0.00380956;-0.0718781
9.8614e+09;125;0.0037868;-0.0716637
9.8812e+09;125;0.00376426;-0.0714507
9.901e+09;125;0.00374194;-0.0712391
9.9208e+09;125;0.00371982;-0.0710289
9.9406e+09;125;0.00369792;-0.07082
9.9604e+09;125;0.00367623;-0.0706125
9.9802e+09;125;0.00365473;-0.0704064
1e+10;125;0.00363344;-0.0702015
