"acfrequency";"r Zin";"i Zin"
1e+09;0.3711;-32.1035
1.00231e+09;0.3711;-32.0215
1.00462e+09;0.3711;-31.9398
1.00693e+09;0.3711;-31.8582
1.00925e+09;0.3711;-31.7767
1.01158e+09;0.3711;-31.6955
1.01391e+09;0.3711;-31.6144
1.01625e+09;0.3711;-31.5334
1.01859e+09;0.3711;-31.4527
1.02094e+09;0.3711;-31.3721
1.02329e+09;0.3711;-31.2917
1.02565e+09;0.3711;-31.2114
1.02802e+09;0.3711;-31.1313
1.03039e+09;0.3711;-31.0514
1.03276e+09;0.3711;-30.9716
1.03514e+09;0.3711;-30.892
1.03753e+09;0.3711;-30.8126
1.03992e+09;0.3711;-30.7333
1.04232e+09;0.3711;-30.6542
1.04472e+09;0.3711;-30.5753
1.04713e+09;0.3711;-30.4965
1.04954e+09;0.3711;-30.4179
1.05196e+09;0.3711;-30.3394
1.05439e+09;0.3711;-30.2611
1.05682e+09;0.3711;-30.1829
1.05925e+09;0.3711;-30.105
1.0617e+09;0.3711;-30.0271
1.06414e+09;0.3711;-29.9495
1.0666e+09;0.3711;-29.872
1.06905e+09;0.3711;-29.7946
1.07152e+09;0.3711;-29.7174
1.07399e+09;0.3711;-29.6404
1.07647e+09;0.3711;-29.5635
1.07895e+09;0.3711;-29.4868
1.08143e+09;0.3711;-29.4103
1.08393e+09;0.3711;-29.3339
1.08643e+09;0.3711;-29.2576
1.08893e+09;0.3711;-29.1815
1.09144e+09;0.3711;-29.1056
1.09396e+09;0.3711;-29.0298
1.09648e+09;0.3711;-28.9542
1.09901e+09;0.3711;-28.8787
1.10154e+09;0.3711;-28.8034
1.10408e+09;0.3711;-28.7282
1.10662e+09;0.3711;-28.6532
1.10917e+09;0.3711;-28.5783
1.11173e+09;0.3711;-28.5036
1.11429e+09;0.3711;-28.429
1.11686e+09;0.3711;-28.3546
1.11944e+09;0.3711;-28.2804
1.12202e+09;0.3711;-28.2063
1.1246e+09;0.3711;-28.1323
1.1272e+09;0.3711;-28.0585
1.1298e+09;0.3711;-27.9848
1.1324e+09;0.3711;-27.9113
1.13501e+09;0.3711;-27.8379
1.13763e+09;0.3711;-27.7647
1.14025e+09;0.3711;-27.6916
1.14288e+09;0.3711;-27.6187
1.14551e+09;0.3711;-27.5459
1.14815e+09;0.3711;-27.4733
1.1508e+09;0.3711;-27.4008
1.15345e+09;0.3711;-27.3285
1.15611e+09;0.3711;-27.2563
1.15878e+09;0.3711;-27.1842
1.16145e+09;0.3711;-27.1123
1.16413e+09;0.3711;-27.0405
1.16681e+09;0.3711;-26.9689
1.1695e+09;0.3711;-26.8974
1.1722e+09;0.3711;-26.8261
1.1749e+09;0.3711;-26.7549
1.17761e+09;0.3711;-26.6838
1.18032e+09;0.3711;-26.6129
1.18304e+09;0.3711;-26.5422
1.18577e+09;0.3711;-26.4715
1.1885e+09;0.3711;-26.401
1.19124e+09;0.3711;-26.3307
1.19399e+09;0.3711;-26.2605
1.19674e+09;0.3711;-26.1904
1.1995e+09;0.3711;-26.1205
1.20226e+09;0.3711;-26.0507
1.20504e+09;0.3711;-25.981
1.20781e+09;0.3711;-25.9115
1.2106e+09;0.3711;-25.8421
1.21339e+09;0.3711;-25.7729
1.21619e+09;0.3711;-25.7038
1.21899e+09;0.3711;-25.6348
1.2218e+09;0.3711;-25.566
1.22462e+09;0.3711;-25.4973
1.22744e+09;0.3711;-25.4287
1.23027e+09;0.3711;-25.3603
1.2331e+09;0.3711;-25.292
1.23595e+09;0.3711;-25.2238
1.2388e+09;0.3711;-25.1558
1.24165e+09;0.3711;-25.0879
1.24451e+09;0.3711;-25.0201
1.24738e+09;0.3711;-24.9525
1.25026e+09;0.3711;-24.885
1.25314e+09;0.3711;-24.8177
1.25603e+09;0.3711;-24.7504
1.25893e+09;0.3711;-24.6833
1.26183e+09;0.3711;-24.6164
1.26474e+09;0.3711;-24.5495
1.26765e+09;0.3711;-24.4828
1.27057e+09;0.3711;-24.4162
1.2735e+09;0.3711;-24.3498
1.27644e+09;0.3711;-24.2835
1.27938e+09;0.3711;-24.2173
1.28233e+09;0.3711;-24.1512
1.28529e+09;0.3711;-24.0853
1.28825e+09;0.3711;-24.0195
1.29122e+09;0.3711;-23.9538
1.2942e+09;0.3711;-23.8882
1.29718e+09;0.3711;-23.8228
1.30017e+09;0.3711;-23.7575
1.30317e+09;0.3711;-23.6923
1.30617e+09;0.3711;-23.6273
1.30918e+09;0.3711;-23.5623
1.3122e+09;0.3711;-23.4976
1.31522e+09;0.3711;-23.4329
1.31826e+09;0.3711;-23.3683
1.3213e+09;0.3711;-23.3039
1.32434e+09;0.3711;-23.2396
1.32739e+09;0.3711;-23.1754
1.33045e+09;0.3711;-23.1114
1.33352e+09;0.3711;-23.0474
1.3366e+09;0.3711;-22.9836
1.33968e+09;0.3711;-22.9199
1.34276e+09;0.3711;-22.8564
1.34586e+09;0.3711;-22.7929
1.34896e+09;0.3711;-22.7296
1.35207e+09;0.3711;-22.6664
1.35519e+09;0.3711;-22.6033
1.35831e+09;0.3711;-22.5403
1.36144e+09;0.3711;-22.4775
1.36458e+09;0.3711;-22.4148
1.36773e+09;0.3711;-22.3521
1.37088e+09;0.3711;-22.2897
1.37404e+09;0.3711;-22.2273
1.37721e+09;0.3711;-22.165
1.38038e+09;0.3711;-22.1029
1.38357e+09;0.3711;-22.0409
1.38676e+09;0.3711;-21.979
1.38995e+09;0.3711;-21.9172
1.39316e+09;0.3711;-21.8555
1.39637e+09;0.3711;-21.794
1.39959e+09;0.3711;-21.7325
1.40281e+09;0.3711;-21.6712
1.40605e+09;0.3711;-21.61
1.40929e+09;0.3711;-21.5489
1.41254e+09;0.3711;-21.4879
1.41579e+09;0.3711;-21.4271
1.41906e+09;0.3711;-21.3663
1.42233e+09;0.3711;-21.3057
1.42561e+09;0.3711;-21.2451
1.42889e+09;0.3711;-21.1847
1.43219e+09;0.3711;-21.1244
1.43549e+09;0.3711;-21.0642
1.4388e+09;0.3711;-21.0042
1.44212e+09;0.3711;-20.9442
1.44544e+09;0.3711;-20.8844
1.44877e+09;0.3711;-20.8246
1.45211e+09;0.3711;-20.765
1.45546e+09;0.3711;-20.7055
1.45881e+09;0.3711;-20.646
1.46218e+09;0.3711;-20.5867
1.46555e+09;0.3711;-20.5275
1.46893e+09;0.3711;-20.4685
1.47231e+09;0.3711;-20.4095
1.47571e+09;0.3711;-20.3506
1.47911e+09;0.3711;-20.2918
1.48252e+09;0.3711;-20.2332
1.48594e+09;0.3711;-20.1746
1.48936e+09;0.3711;-20.1162
1.49279e+09;0.3711;-20.0579
1.49624e+09;0.3711;-19.9997
1.49968e+09;0.3711;-19.9415
1.50314e+09;0.3711;-19.8835
1.50661e+09;0.3711;-19.8256
1.51008e+09;0.3711;-19.7678
1.51356e+09;0.3711;-19.7101
1.51705e+09;0.3711;-19.6525
1.52055e+09;0.3711;-19.595
1.52405e+09;0.3711;-19.5376
1.52757e+09;0.3711;-19.4803
1.53109e+09;0.3711;-19.4232
1.53462e+09;0.3711;-19.3661
1.53815e+09;0.3711;-19.3091
1.5417e+09;0.3711;-19.2522
1.54525e+09;0.3711;-19.1955
1.54882e+09;0.3711;-19.1388
1.55239e+09;0.3711;-19.0822
1.55597e+09;0.3711;-19.0258
1.55955e+09;0.3711;-18.9694
1.56315e+09;0.3711;-18.9132
1.56675e+09;0.3711;-18.857
1.57036e+09;0.3711;-18.8009
1.57398e+09;0.3711;-18.745
1.57761e+09;0.3711;-18.6891
1.58125e+09;0.3711;-18.6333
1.58489e+09;0.3711;-18.5777
1.58855e+09;0.3711;-18.5221
1.59221e+09;0.3711;-18.4666
1.59588e+09;0.3711;-18.4113
1.59956e+09;0.3711;-18.356
1.60325e+09;0.3711;-18.3008
1.60694e+09;0.3711;-18.2457
1.61065e+09;0.3711;-18.1907
1.61436e+09;0.3711;-18.1359
1.61808e+09;0.3711;-18.0811
1.62181e+09;0.3711;-18.0264
1.62555e+09;0.3711;-17.9718
1.6293e+09;0.3711;-17.9173
1.63305e+09;0.3711;-17.8629
1.63682e+09;0.3711;-17.8085
1.64059e+09;0.3711;-17.7543
1.64437e+09;0.3711;-17.7002
1.64816e+09;0.3711;-17.6462
1.65196e+09;0.3711;-17.5922
1.65577e+09;0.3711;-17.5384
1.65959e+09;0.3711;-17.4846
1.66341e+09;0.3711;-17.431
1.66725e+09;0.3711;-17.3774
1.67109e+09;0.3711;-17.3239
1.67494e+09;0.3711;-17.2705
1.6788e+09;0.3711;-17.2173
1.68267e+09;0.3711;-17.1641
1.68655e+09;0.3711;-17.1109
1.69044e+09;0.3711;-17.0579
1.69434e+09;0.3711;-17.005
1.69824e+09;0.3711;-16.9522
1.70216e+09;0.3711;-16.8994
1.70608e+09;0.3711;-16.8468
1.71002e+09;0.3711;-16.7942
1.71396e+09;0.3711;-16.7417
1.71791e+09;0.3711;-16.6893
1.72187e+09;0.3711;-16.637
1.72584e+09;0.3711;-16.5848
1.72982e+09;0.3711;-16.5327
1.7338e+09;0.3711;-16.4806
1.7378e+09;0.3711;-16.4287
1.74181e+09;0.3711;-16.3768
1.74582e+09;0.3711;-16.325
1.74985e+09;0.3711;-16.2733
1.75388e+09;0.3711;-16.2217
1.75792e+09;0.3711;-16.1702
1.76198e+09;0.3711;-16.1188
1.76604e+09;0.3711;-16.0674
1.77011e+09;0.3711;-16.0162
1.77419e+09;0.3711;-15.965
1.77828e+09;0.3711;-15.9139
1.78238e+09;0.3711;-15.8629
1.78649e+09;0.3711;-15.812
1.79061e+09;0.3711;-15.7611
1.79473e+09;0.3711;-15.7104
1.79887e+09;0.3711;-15.6597
1.80302e+09;0.3711;-15.6091
1.80717e+09;0.3711;-15.5586
1.81134e+09;0.3711;-15.5082
1.81552e+09;0.3711;-15.4578
1.8197e+09;0.3711;-15.4076
1.8239e+09;0.3711;-15.3574
1.8281e+09;0.3711;-15.3073
1.83231e+09;0.3711;-15.2573
1.83654e+09;0.3711;-15.2074
1.84077e+09;0.3711;-15.1575
1.84502e+09;0.3711;-15.1077
1.84927e+09;0.3711;-15.058
1.85353e+09;0.3711;-15.0084
1.8578e+09;0.3711;-14.9589
1.86209e+09;0.3711;-14.9094
1.86638e+09;0.3711;-14.86
1.87068e+09;0.3711;-14.8107
1.87499e+09;0.3711;-14.7615
1.87932e+09;0.3711;-14.7124
1.88365e+09;0.3711;-14.6633
1.88799e+09;0.3711;-14.6143
1.89234e+09;0.3711;-14.5654
1.89671e+09;0.3711;-14.5166
1.90108e+09;0.3711;-14.4678
1.90546e+09;0.3711;-14.4192
1.90985e+09;0.3711;-14.3706
1.91426e+09;0.3711;-14.322
1.91867e+09;0.3711;-14.2736
1.92309e+09;0.3711;-14.2252
1.92752e+09;0.3711;-14.1769
1.93197e+09;0.3711;-14.1287
1.93642e+09;0.3711;-14.0805
1.94089e+09;0.3711;-14.0325
1.94536e+09;0.3711;-13.9845
1.94984e+09;0.3711;-13.9366
1.95434e+09;0.3711;-13.8887
1.95884e+09;0.3711;-13.8409
1.96336e+09;0.3711;-13.7932
1.96789e+09;0.3711;-13.7456
1.97242e+09;0.3711;-13.698
1.97697e+09;0.3711;-13.6505
1.98153e+09;0.3711;-13.6031
1.98609e+09;0.3711;-13.5558
1.99067e+09;0.3711;-13.5085
1.99526e+09;0.3711;-13.4613
1.99986e+09;0.3711;-13.4142
2.00447e+09;0.3711;-13.3672
2.00909e+09;0.3711;-13.3202
2.01372e+09;0.3711;-13.2733
2.01837e+09;0.3711;-13.2264
2.02302e+09;0.3711;-13.1796
2.02768e+09;0.3711;-13.1329
2.03236e+09;0.3711;-13.0863
2.03704e+09;0.3711;-13.0397
2.04174e+09;0.3711;-12.9932
2.04644e+09;0.3711;-12.9468
2.05116e+09;0.3711;-12.9005
2.05589e+09;0.3711;-12.8542
2.06063e+09;0.3711;-12.808
2.06538e+09;0.3711;-12.7618
2.07014e+09;0.3711;-12.7157
2.07491e+09;0.3711;-12.6697
2.0797e+09;0.3711;-12.6238
2.08449e+09;0.3711;-12.5779
2.0893e+09;0.3711;-12.5321
2.09411e+09;0.3711;-12.4863
2.09894e+09;0.3711;-12.4406
2.10378e+09;0.3711;-12.395
2.10863e+09;0.3711;-12.3494
2.11349e+09;0.3711;-12.304
2.11836e+09;0.3711;-12.2585
2.12324e+09;0.3711;-12.2132
2.12814e+09;0.3711;-12.1679
2.13304e+09;0.3711;-12.1227
2.13796e+09;0.3711;-12.0775
2.14289e+09;0.3711;-12.0324
2.14783e+09;0.3711;-11.9874
2.15278e+09;0.3711;-11.9424
2.15774e+09;0.3711;-11.8975
2.16272e+09;0.3711;-11.8526
2.1677e+09;0.3711;-11.8079
2.1727e+09;0.3711;-11.7631
2.17771e+09;0.3711;-11.7185
2.18273e+09;0.3711;-11.6739
2.18776e+09;0.3711;-11.6294
2.1928e+09;0.3711;-11.5849
2.19786e+09;0.3711;-11.5405
2.20293e+09;0.3711;-11.4961
2.208e+09;0.3711;-11.4518
2.21309e+09;0.3711;-11.4076
2.2182e+09;0.3711;-11.3634
2.22331e+09;0.3711;-11.3193
2.22844e+09;0.3711;-11.2753
2.23357e+09;0.3711;-11.2313
2.23872e+09;0.3711;-11.1874
2.24388e+09;0.3711;-11.1435
2.24905e+09;0.3711;-11.0997
2.25424e+09;0.3711;-11.0559
2.25944e+09;0.3711;-11.0123
2.26464e+09;0.3711;-10.9686
2.26986e+09;0.3711;-10.925
2.2751e+09;0.3711;-10.8815
2.28034e+09;0.3711;-10.8381
2.2856e+09;0.3711;-10.7947
2.29087e+09;0.3711;-10.7513
2.29615e+09;0.3711;-10.708
2.30144e+09;0.3711;-10.6648
2.30675e+09;0.3711;-10.6216
2.31206e+09;0.3711;-10.5785
2.31739e+09;0.3711;-10.5355
2.32274e+09;0.3711;-10.4924
2.32809e+09;0.3711;-10.4495
2.33346e+09;0.3711;-10.4066
2.33884e+09;0.3711;-10.3638
2.34423e+09;0.3711;-10.321
2.34963e+09;0.3711;-10.2782
2.35505e+09;0.3711;-10.2356
2.36048e+09;0.3711;-10.1929
2.36592e+09;0.3711;-10.1504
2.37137e+09;0.3711;-10.1079
2.37684e+09;0.3711;-10.0654
2.38232e+09;0.3711;-10.023
2.38781e+09;0.3711;-9.98065
2.39332e+09;0.3711;-9.93835
2.39883e+09;0.3711;-9.8961
2.40436e+09;0.3711;-9.8539
2.40991e+09;0.3711;-9.81176
2.41546e+09;0.3711;-9.76967
2.42103e+09;0.3711;-9.72763
2.42661e+09;0.3711;-9.68564
2.4322e+09;0.3711;-9.64371
2.43781e+09;0.3711;-9.60182
2.44343e+09;0.3711;-9.55999
2.44906e+09;0.3711;-9.5182
2.45471e+09;0.3711;-9.47647
2.46037e+09;0.3711;-9.43479
2.46604e+09;0.3711;-9.39315
2.47172e+09;0.3711;-9.35157
2.47742e+09;0.3711;-9.31004
2.48313e+09;0.3711;-9.26855
2.48886e+09;0.3711;-9.22712
2.49459e+09;0.3711;-9.18573
2.50035e+09;0.3711;-9.14439
2.50611e+09;0.3711;-9.1031
2.51189e+09;0.3711;-9.06186
2.51768e+09;0.3711;-9.02067
2.52348e+09;0.3711;-8.97953
2.5293e+09;0.3711;-8.93843
2.53513e+09;0.3711;-8.89738
2.54097e+09;0.3711;-8.85638
2.54683e+09;0.3711;-8.81542
2.5527e+09;0.3711;-8.77451
2.55859e+09;0.3711;-8.73365
2.56448e+09;0.3711;-8.69283
2.5704e+09;0.3711;-8.65206
2.57632e+09;0.3711;-8.61134
2.58226e+09;0.3711;-8.57066
2.58821e+09;0.3711;-8.53003
2.59418e+09;0.3711;-8.48944
2.60016e+09;0.3711;-8.4489
2.60615e+09;0.3711;-8.4084
2.61216e+09;0.3711;-8.36795
2.61818e+09;0.3711;-8.32754
2.62422e+09;0.3711;-8.28717
2.63027e+09;0.3711;-8.24685
2.63633e+09;0.3711;-8.20657
2.64241e+09;0.3711;-8.16634
2.6485e+09;0.3711;-8.12615
2.65461e+09;0.3711;-8.086
2.66073e+09;0.3711;-8.0459
2.66686e+09;0.3711;-8.00584
2.67301e+09;0.3711;-7.96582
2.67917e+09;0.3711;-7.92584
2.68534e+09;0.3711;-7.8859
2.69153e+09;0.3711;-7.84601
2.69774e+09;0.3711;-7.80616
2.70396e+09;0.3711;-7.76635
2.71019e+09;0.3711;-7.72658
2.71644e+09;0.3711;-7.68685
2.7227e+09;0.3711;-7.64716
2.72898e+09;0.3711;-7.60752
2.73527e+09;0.3711;-7.56791
2.74157e+09;0.3711;-7.52834
2.74789e+09;0.3711;-7.48882
2.75423e+09;0.3711;-7.44933
2.76058e+09;0.3711;-7.40988
2.76694e+09;0.3711;-7.37048
2.77332e+09;0.3711;-7.33111
2.77971e+09;0.3711;-7.29178
2.78612e+09;0.3711;-7.25248
2.79254e+09;0.3711;-7.21323
2.79898e+09;0.3711;-7.17402
2.80543e+09;0.3711;-7.13484
2.8119e+09;0.3711;-7.0957
2.81838e+09;0.3711;-7.0566
2.82488e+09;0.3711;-7.01754
2.83139e+09;0.3711;-6.97851
2.83792e+09;0.3711;-6.93952
2.84446e+09;0.3711;-6.90057
2.85102e+09;0.3711;-6.86165
2.85759e+09;0.3711;-6.82277
2.86418e+09;0.3711;-6.78393
2.87078e+09;0.3711;-6.74512
2.8774e+09;0.3711;-6.70635
2.88403e+09;0.3711;-6.66761
2.89068e+09;0.3711;-6.62891
2.89734e+09;0.3711;-6.59024
2.90402e+09;0.3711;-6.55161
2.91072e+09;0.3711;-6.51302
2.91743e+09;0.3711;-6.47446
2.92415e+09;0.3711;-6.43593
2.93089e+09;0.3711;-6.39743
2.93765e+09;0.3711;-6.35898
2.94442e+09;0.3711;-6.32055
2.95121e+09;0.3711;-6.28216
2.95801e+09;0.3711;-6.2438
2.96483e+09;0.3711;-6.20547
2.97167e+09;0.3711;-6.16718
2.97852e+09;0.3711;-6.12892
2.98538e+09;0.3711;-6.09069
2.99226e+09;0.3711;-6.0525
2.99916e+09;0.3711;-6.01433
3.00608e+09;0.3711;-5.9762
3.01301e+09;0.3711;-5.9381
3.01995e+09;0.3711;-5.90004
3.02691e+09;0.3711;-5.862
3.03389e+09;0.3711;-5.82399
3.04089e+09;0.3711;-5.78602
3.04789e+09;0.3711;-5.74807
3.05492e+09;0.3711;-5.71016
3.06196e+09;0.3711;-5.67228
3.06902e+09;0.3711;-5.63442
3.0761e+09;0.3711;-5.5966
3.08319e+09;0.3711;-5.55881
3.0903e+09;0.3711;-5.52104
3.09742e+09;0.3711;-5.48331
3.10456e+09;0.3711;-5.4456
3.11172e+09;0.3711;-5.40792
3.11889e+09;0.3711;-5.37027
3.12608e+09;0.3711;-5.33265
3.13329e+09;0.3711;-5.29506
3.14051e+09;0.3711;-5.2575
3.14775e+09;0.3711;-5.21996
3.155e+09;0.3711;-5.18245
3.16228e+09;0.3711;-5.14497
3.16957e+09;0.3711;-5.10752
3.17687e+09;0.3711;-5.07009
3.1842e+09;0.3711;-5.03269
3.19154e+09;0.3711;-4.99532
3.1989e+09;0.3711;-4.95798
3.20627e+09;0.3711;-4.92066
3.21366e+09;0.3711;-4.88336
3.22107e+09;0.3711;-4.84609
3.22849e+09;0.3711;-4.80885
3.23594e+09;0.3711;-4.77163
3.2434e+09;0.3711;-4.73444
3.25087e+09;0.3711;-4.69728
3.25837e+09;0.3711;-4.66013
3.26588e+09;0.3711;-4.62302
3.27341e+09;0.3711;-4.58593
3.28095e+09;0.3711;-4.54886
3.28852e+09;0.3711;-4.51181
3.2961e+09;0.3711;-4.47479
3.3037e+09;0.3711;-4.4378
3.31131e+09;0.3711;-4.40083
3.31894e+09;0.3711;-4.36388
3.3266e+09;0.3711;-4.32695
3.33426e+09;0.3711;-4.29005
3.34195e+09;0.3711;-4.25317
3.34965e+09;0.3711;-4.21631
3.35738e+09;0.3711;-4.17947
3.36512e+09;0.3711;-4.14266
3.37287e+09;0.3711;-4.10587
3.38065e+09;0.3711;-4.0691
3.38844e+09;0.3711;-4.03235
3.39625e+09;0.3711;-3.99562
3.40408e+09;0.3711;-3.95892
3.41193e+09;0.3711;-3.92223
3.41979e+09;0.3711;-3.88557
3.42768e+09;0.3711;-3.84893
3.43558e+09;0.3711;-3.8123
3.4435e+09;0.3711;-3.7757
3.45144e+09;0.3711;-3.73912
3.45939e+09;0.3711;-3.70255
3.46737e+09;0.3711;-3.66601
3.47536e+09;0.3711;-3.62949
3.48337e+09;0.3711;-3.59298
3.4914e+09;0.3711;-3.5565
3.49945e+09;0.3711;-3.52003
3.50752e+09;0.3711;-3.48358
3.5156e+09;0.3711;-3.44715
3.52371e+09;0.3711;-3.41074
3.53183e+09;0.3711;-3.37435
3.53997e+09;0.3711;-3.33798
3.54813e+09;0.3711;-3.30162
3.55631e+09;0.3711;-3.26528
3.56451e+09;0.3711;-3.22896
3.57273e+09;0.3711;-3.19265
3.58096e+09;0.3711;-3.15636
3.58922e+09;0.3711;-3.12009
3.59749e+09;0.3711;-3.08383
3.60579e+09;0.3711;-3.04759
3.6141e+09;0.3711;-3.01137
3.62243e+09;0.3711;-2.97517
3.63078e+09;0.3711;-2.93897
3.63915e+09;0.3711;-2.9028
3.64754e+09;0.3711;-2.86664
3.65595e+09;0.3711;-2.83049
3.66438e+09;0.3711;-2.79436
3.67282e+09;0.3711;-2.75825
3.68129e+09;0.3711;-2.72215
3.68978e+09;0.3711;-2.68606
3.69828e+09;0.3711;-2.64999
3.70681e+09;0.3711;-2.61393
3.71535e+09;0.3711;-2.57789
3.72392e+09;0.3711;-2.54186
3.7325e+09;0.3711;-2.50584
3.74111e+09;0.3711;-2.46984
3.74973e+09;0.3711;-2.43385
3.75837e+09;0.3711;-2.39787
3.76704e+09;0.3711;-2.36191
3.77572e+09;0.3711;-2.32595
3.78443e+09;0.3711;-2.29001
3.79315e+09;0.3711;-2.25409
3.80189e+09;0.3711;-2.21817
3.81066e+09;0.3711;-2.18227
3.81944e+09;0.3711;-2.14637
3.82825e+09;0.3711;-2.11049
3.83707e+09;0.3711;-2.07462
3.84592e+09;0.3711;-2.03876
3.85478e+09;0.3711;-2.00292
3.86367e+09;0.3711;-1.96708
3.87258e+09;0.3711;-1.93125
3.8815e+09;0.3711;-1.89544
3.89045e+09;0.3711;-1.85963
3.89942e+09;0.3711;-1.82383
3.90841e+09;0.3711;-1.78804
3.91742e+09;0.3711;-1.75227
3.92645e+09;0.3711;-1.7165
3.9355e+09;0.3711;-1.68074
3.94457e+09;0.3711;-1.64499
3.95367e+09;0.3711;-1.60925
3.96278e+09;0.3711;-1.57351
3.97192e+09;0.3711;-1.53779
3.98107e+09;0.3711;-1.50207
3.99025e+09;0.3711;-1.46636
3.99945e+09;0.3711;-1.43066
4.00867e+09;0.3711;-1.39497
4.01791e+09;0.3711;-1.35928
4.02717e+09;0.3711;-1.3236
4.03645e+09;0.3711;-1.28793
4.04576e+09;0.3711;-1.25227
4.05509e+09;0.3711;-1.21661
4.06443e+09;0.3711;-1.18096
4.0738e+09;0.3711;-1.14531
4.08319e+09;0.3711;-1.10967
4.09261e+09;0.3711;-1.07404
4.10204e+09;0.3711;-1.03841
4.1115e+09;0.3711;-1.00279
4.12098e+09;0.3711;-0.967172
4.13048e+09;0.3711;-0.93156
4.14e+09;0.3711;-0.895953
4.14954e+09;0.3711;-0.860351
4.15911e+09;0.3711;-0.824753
4.16869e+09;0.3711;-0.78916
4.1783e+09;0.3711;-0.75357
4.18794e+09;0.3711;-0.717985
4.19759e+09;0.3711;-0.682404
4.20727e+09;0.3711;-0.646826
4.21697e+09;0.3711;-0.611252
4.22669e+09;0.3711;-0.575681
4.23643e+09;0.3711;-0.540113
4.2462e+09;0.3711;-0.504548
4.25598e+09;0.3711;-0.468985
4.2658e+09;0.3711;-0.433425
4.27563e+09;0.3711;-0.397868
4.28549e+09;0.3711;-0.362312
4.29536e+09;0.3711;-0.326759
4.30527e+09;0.3711;-0.291207
4.31519e+09;0.3711;-0.255656
4.32514e+09;0.3711;-0.220107
4.33511e+09;0.3711;-0.18456
4.3451e+09;0.3711;-0.149013
4.35512e+09;0.3711;-0.113467
4.36516e+09;0.3711;-0.0779211
4.37522e+09;0.3711;-0.0423761
4.38531e+09;0.3711;-0.00683124
4.39542e+09;0.3711;0.0287135
4.40555e+09;0.3711;0.0642585
4.4157e+09;0.3711;0.0998038
4.42588e+09;0.3711;0.13535
4.43609e+09;0.3711;0.170896
4.44631e+09;0.3711;0.206444
4.45656e+09;0.3711;0.241992
4.46684e+09;0.3711;0.277542
4.47713e+09;0.3711;0.313093
4.48745e+09;0.3711;0.348646
4.4978e+09;0.3711;0.384201
4.50817e+09;0.3711;0.419758
4.51856e+09;0.3711;0.455317
4.52898e+09;0.3711;0.490878
4.53942e+09;0.3711;0.526442
4.54988e+09;0.3711;0.562009
4.56037e+09;0.3711;0.597579
4.57088e+09;0.3711;0.633152
4.58142e+09;0.3711;0.668728
4.59198e+09;0.3711;0.704308
4.60257e+09;0.3711;0.739892
4.61318e+09;0.3711;0.77548
4.62381e+09;0.3711;0.811071
4.63447e+09;0.3711;0.846667
4.64515e+09;0.3711;0.882268
4.65586e+09;0.3711;0.917873
4.66659e+09;0.3711;0.953483
4.67735e+09;0.3711;0.989098
4.68813e+09;0.3711;1.02472
4.69894e+09;0.3711;1.06034
4.70977e+09;0.3711;1.09598
4.72063e+09;0.3711;1.13161
4.73151e+09;0.3711;1.16726
4.74242e+09;0.3711;1.20291
4.75335e+09;0.3711;1.23856
4.76431e+09;0.3711;1.27422
4.77529e+09;0.3711;1.30989
4.7863e+09;0.3711;1.34557
4.79733e+09;0.3711;1.38125
4.80839e+09;0.3711;1.41694
4.81948e+09;0.3711;1.45264
4.83059e+09;0.3711;1.48835
4.84172e+09;0.3711;1.52406
4.85289e+09;0.3711;1.55978
4.86407e+09;0.3711;1.59551
4.87528e+09;0.3711;1.63125
4.88652e+09;0.3711;1.667
4.89779e+09;0.3711;1.70275
4.90908e+09;0.3711;1.73852
4.9204e+09;0.3711;1.77429
4.93174e+09;0.3711;1.81007
4.94311e+09;0.3711;1.84587
4.9545e+09;0.3711;1.88167
4.96592e+09;0.3711;1.91748
4.97737e+09;0.3711;1.95331
4.98884e+09;0.3711;1.98914
5.00035e+09;0.3711;2.02498
5.01187e+09;0.3711;2.06084
5.02343e+09;0.3711;2.0967
5.03501e+09;0.3711;2.13258
5.04661e+09;0.3711;2.16847
5.05825e+09;0.3711;2.20437
5.06991e+09;0.3711;2.24028
5.08159e+09;0.3711;2.2762
5.09331e+09;0.3711;2.31214
5.10505e+09;0.3711;2.34809
5.11682e+09;0.3711;2.38405
5.12861e+09;0.3711;2.42002
5.14044e+09;0.3711;2.456
5.15229e+09;0.3711;2.492
5.16416e+09;0.3711;2.52801
5.17607e+09;0.3711;2.56404
5.188e+09;0.3711;2.60008
5.19996e+09;0.3711;2.63613
5.21195e+09;0.3711;2.6722
5.22396e+09;0.3711;2.70828
5.236e+09;0.3711;2.74437
5.24807e+09;0.3711;2.78048
5.26017e+09;0.3711;2.8166
5.2723e+09;0.3711;2.85274
5.28445e+09;0.3711;2.8889
5.29663e+09;0.3711;2.92507
5.30884e+09;0.3711;2.96125
5.32108e+09;0.3711;2.99745
5.33335e+09;0.3711;3.03367
5.34564e+09;0.3711;3.0699
5.35797e+09;0.3711;3.10615
5.37032e+09;0.3711;3.14242
5.3827e+09;0.3711;3.1787
5.39511e+09;0.3711;3.215
5.40754e+09;0.3711;3.25131
5.42001e+09;0.3711;3.28765
5.4325e+09;0.3711;3.324
5.44503e+09;0.3711;3.36037
5.45758e+09;0.3711;3.39675
5.47016e+09;0.3711;3.43316
5.48277e+09;0.3711;3.46958
5.49541e+09;0.3711;3.50602
5.50808e+09;0.3711;3.54248
5.52077e+09;0.3711;3.57896
5.5335e+09;0.3711;3.61545
5.54626e+09;0.3711;3.65197
5.55904e+09;0.3711;3.68851
5.57186e+09;0.3711;3.72506
5.5847e+09;0.3711;3.76164
5.59758e+09;0.3711;3.79823
5.61048e+09;0.3711;3.83485
5.62341e+09;0.3711;3.87148
5.63638e+09;0.3711;3.90814
5.64937e+09;0.3711;3.94481
5.66239e+09;0.3711;3.98151
5.67545e+09;0.3711;4.01823
5.68853e+09;0.3711;4.05497
5.70164e+09;0.3711;4.09173
5.71479e+09;0.3711;4.12851
5.72796e+09;0.3711;4.16532
5.74116e+09;0.3711;4.20215
5.7544e+09;0.3711;4.239
5.76766e+09;0.3711;4.27587
5.78096e+09;0.3711;4.31276
5.79429e+09;0.3711;4.34968
5.80764e+09;0.3711;4.38662
5.82103e+09;0.3711;4.42358
5.83445e+09;0.3711;4.46057
5.8479e+09;0.3711;4.49758
5.86138e+09;0.3711;4.53462
5.87489e+09;0.3711;4.57168
5.88844e+09;0.3711;4.60876
5.90201e+09;0.3711;4.64587
5.91562e+09;0.3711;4.683
5.92925e+09;0.3711;4.72015
5.94292e+09;0.3711;4.75734
5.95662e+09;0.3711;4.79454
5.97035e+09;0.3711;4.83178
5.98412e+09;0.3711;4.86903
5.99791e+09;0.3711;4.90632
6.01174e+09;0.3711;4.94363
6.0256e+09;0.3711;4.98096
6.03949e+09;0.3711;5.01833
6.05341e+09;0.3711;5.05572
6.06736e+09;0.3711;5.09313
6.08135e+09;0.3711;5.13057
6.09537e+09;0.3711;5.16804
6.10942e+09;0.3711;5.20554
6.1235e+09;0.3711;5.24307
6.13762e+09;0.3711;5.28062
6.15177e+09;0.3711;5.3182
6.16595e+09;0.3711;5.35581
6.18016e+09;0.3711;5.39345
6.19441e+09;0.3711;5.43111
6.20869e+09;0.3711;5.46881
6.223e+09;0.3711;5.50653
6.23735e+09;0.3711;5.54429
6.25173e+09;0.3711;5.58207
6.26614e+09;0.3711;5.61988
6.28058e+09;0.3711;5.65772
6.29506e+09;0.3711;5.69559
6.30957e+09;0.3711;5.7335
6.32412e+09;0.3711;5.77143
6.3387e+09;0.3711;5.80939
6.35331e+09;0.3711;5.84739
6.36796e+09;0.3711;5.88541
6.38263e+09;0.3711;5.92347
6.39735e+09;0.3711;5.96155
6.4121e+09;0.3711;5.99967
6.42688e+09;0.3711;6.03782
6.44169e+09;0.3711;6.07601
6.45654e+09;0.3711;6.11422
6.47143e+09;0.3711;6.15247
6.48634e+09;0.3711;6.19075
6.5013e+09;0.3711;6.22906
6.51628e+09;0.3711;6.26741
6.53131e+09;0.3711;6.30579
6.54636e+09;0.3711;6.3442
6.56145e+09;0.3711;6.38265
6.57658e+09;0.3711;6.42113
6.59174e+09;0.3711;6.45964
6.60693e+09;0.3711;6.49819
6.62217e+09;0.3711;6.53677
6.63743e+09;0.3711;6.57539
6.65273e+09;0.3711;6.61404
6.66807e+09;0.3711;6.65273
6.68344e+09;0.3711;6.69145
6.69885e+09;0.3711;6.73021
6.71429e+09;0.3711;6.76901
6.72977e+09;0.3711;6.80784
6.74528e+09;0.3711;6.8467
6.76083e+09;0.3711;6.8856
6.77642e+09;0.3711;6.92454
6.79204e+09;0.3711;6.96352
6.80769e+09;0.3711;7.00253
6.82339e+09;0.3711;7.04158
6.83912e+09;0.3711;7.08067
6.85488e+09;0.3711;7.11979
6.87068e+09;0.3711;7.15895
6.88652e+09;0.3711;7.19815
6.9024e+09;0.3711;7.23739
6.91831e+09;0.3711;7.27667
6.93426e+09;0.3711;7.31598
6.95024e+09;0.3711;7.35534
6.96627e+09;0.3711;7.39473
6.98232e+09;0.3711;7.43416
6.99842e+09;0.3711;7.47364
7.01455e+09;0.3711;7.51315
7.03072e+09;0.3711;7.5527
7.04693e+09;0.3711;7.59229
7.06318e+09;0.3711;7.63192
7.07946e+09;0.3711;7.67159
7.09578e+09;0.3711;7.7113
7.11214e+09;0.3711;7.75106
7.12853e+09;0.3711;7.79085
7.14496e+09;0.3711;7.83069
7.16143e+09;0.3711;7.87057
7.17794e+09;0.3711;7.91048
7.19449e+09;0.3711;7.95045
7.21107e+09;0.3711;7.99045
7.2277e+09;0.3711;8.03049
7.24436e+09;0.3711;8.07058
7.26106e+09;0.3711;8.11071
7.2778e+09;0.3711;8.15089
7.29458e+09;0.3711;8.1911
7.31139e+09;0.3711;8.23136
7.32825e+09;0.3711;8.27167
7.34514e+09;0.3711;8.31202
7.36207e+09;0.3711;8.35241
7.37904e+09;0.3711;8.39284
7.39605e+09;0.3711;8.43333
7.4131e+09;0.3711;8.47385
7.43019e+09;0.3711;8.51442
7.44732e+09;0.3711;8.55504
7.46449e+09;0.3711;8.5957
7.4817e+09;0.3711;8.6364
7.49894e+09;0.3711;8.67716
7.51623e+09;0.3711;8.71796
7.53356e+09;0.3711;8.7588
7.55092e+09;0.3711;8.79969
7.56833e+09;0.3711;8.84063
7.58578e+09;0.3711;8.88161
7.60326e+09;0.3711;8.92265
7.62079e+09;0.3711;8.96372
7.63836e+09;0.3711;9.00485
7.65597e+09;0.3711;9.04602
7.67361e+09;0.3711;9.08725
7.6913e+09;0.3711;9.12852
7.70903e+09;0.3711;9.16984
7.72681e+09;0.3711;9.2112
7.74462e+09;0.3711;9.25262
7.76247e+09;0.3711;9.29408
7.78037e+09;0.3711;9.3356
7.7983e+09;0.3711;9.37716
7.81628e+09;0.3711;9.41878
7.8343e+09;0.3711;9.46044
7.85236e+09;0.3711;9.50215
7.87046e+09;0.3711;9.54392
7.8886e+09;0.3711;9.58573
7.90679e+09;0.3711;9.6276
7.92501e+09;0.3711;9.66952
7.94328e+09;0.3711;9.71148
7.96159e+09;0.3711;9.7535
7.97995e+09;0.3711;9.79557
7.99834e+09;0.3711;9.8377
8.01678e+09;0.3711;9.87987
8.03526e+09;0.3711;9.9221
8.05378e+09;0.3711;9.96438
8.07235e+09;0.3711;10.0067
8.09096e+09;0.3711;10.0491
8.10961e+09;0.3711;10.0915
8.12831e+09;0.3711;10.134
8.14704e+09;0.3711;10.1766
8.16582e+09;0.3711;10.2192
8.18465e+09;0.3711;10.2618
8.20352e+09;0.3711;10.3045
8.22243e+09;0.3711;10.3473
8.24138e+09;0.3711;10.3901
8.26038e+09;0.3711;10.433
8.27942e+09;0.3711;10.4759
8.29851e+09;0.3711;10.5189
8.31764e+09;0.3711;10.562
8.33681e+09;0.3711;10.6051
8.35603e+09;0.3711;10.6482
8.37529e+09;0.3711;10.6914
8.3946e+09;0.3711;10.7347
8.41395e+09;0.3711;10.778
8.43335e+09;0.3711;10.8214
8.45279e+09;0.3711;10.8648
8.47227e+09;0.3711;10.9083
8.4918e+09;0.3711;10.9519
8.51138e+09;0.3711;10.9955
8.531e+09;0.3711;11.0391
8.55067e+09;0.3711;11.0829
8.57038e+09;0.3711;11.1267
8.59014e+09;0.3711;11.1705
8.60994e+09;0.3711;11.2144
8.62979e+09;0.3711;11.2584
8.64968e+09;0.3711;11.3024
8.66962e+09;0.3711;11.3465
8.6896e+09;0.3711;11.3906
8.70964e+09;0.3711;11.4348
8.72971e+09;0.3711;11.4791
8.74984e+09;0.3711;11.5234
8.77001e+09;0.3711;11.5678
8.79023e+09;0.3711;11.6123
8.81049e+09;0.3711;11.6568
8.8308e+09;0.3711;11.7013
8.85116e+09;0.3711;11.746
8.87156e+09;0.3711;11.7907
8.89201e+09;0.3711;11.8354
8.91251e+09;0.3711;11.8802
8.93305e+09;0.3711;11.9251
8.95365e+09;0.3711;11.9701
8.97429e+09;0.3711;12.0151
8.99498e+09;0.3711;12.0602
9.01571e+09;0.3711;12.1053
9.03649e+09;0.3711;12.1505
9.05733e+09;0.3711;12.1958
9.07821e+09;0.3711;12.2411
9.09913e+09;0.3711;12.2865
9.12011e+09;0.3711;12.332
9.14113e+09;0.3711;12.3775
9.1622e+09;0.3711;12.4231
9.18333e+09;0.3711;12.4687
9.2045e+09;0.3711;12.5145
9.22571e+09;0.3711;12.5602
9.24698e+09;0.3711;12.6061
9.2683e+09;0.3711;12.652
9.28966e+09;0.3711;12.698
9.31108e+09;0.3711;12.7441
9.33254e+09;0.3711;12.7902
9.35406e+09;0.3711;12.8364
9.37562e+09;0.3711;12.8827
9.39723e+09;0.3711;12.929
9.4189e+09;0.3711;12.9754
9.44061e+09;0.3711;13.0219
9.46237e+09;0.3711;13.0684
9.48418e+09;0.3711;13.115
9.50605e+09;0.3711;13.1617
9.52796e+09;0.3711;13.2084
9.54993e+09;0.3711;13.2552
9.57194e+09;0.3711;13.3021
9.59401e+09;0.3711;13.3491
9.61612e+09;0.3711;13.3961
9.63829e+09;0.3711;13.4432
9.66051e+09;0.3711;13.4904
9.68278e+09;0.3711;13.5376
9.7051e+09;0.3711;13.5849
9.72747e+09;0.3711;13.6323
9.7499e+09;0.3711;13.6798
9.77237e+09;0.3711;13.7273
9.7949e+09;0.3711;13.7749
9.81748e+09;0.3711;13.8226
9.84011e+09;0.3711;13.8703
9.86279e+09;0.3711;13.9182
9.88553e+09;0.3711;13.966
9.90832e+09;0.3711;14.014
9.93116e+09;0.3711;14.0621
9.95405e+09;0.3711;14.1102
9.977e+09;0.3711;14.1584
1e+10;0.3711;14.2066
