frequency;r S[1,1];i S[1,1];;;;;;
1,00E+09;0.0961622;-0.28909;0.0961622;-0.28909;0.0961622;-0.28909;0.0961622;-0.28909
1,02E+14;0.0928818;-0.284431;0.0961623;-0.28910;0.0961623;-0.28910;0.0961623;-0.28910
1,04E+14;0.0897499;-0.279874;0.0961624;-0.28911;0.0961624;-0.28911;0.0961624;-0.28911
1,05E+14;0.0867579;-0.275417;0.0961625;-0.28912;0.0961625;-0.28912;0.0961625;-0.28912
1,07E+14;0.0838981;-0.271057;0.0961626;-0.28913;0.0961626;-0.28913;0.0961626;-0.28913
1,09E+14;0.081163;-0.266793;0.0961627;-0.28914;0.0961627;-0.28914;0.0961627;-0.28914
1,11E+14;0.0785458;-0.26262;0.0961628;-0.28915;0.0961628;-0.28915;0.0961628;-0.28915
1,13E+14;0.0760401;-0.258538;0.0961629;-0.28916;0.0961629;-0.28916;0.0961629;-0.28916
1,14E+14;0.0736399;-0.254543;0.0961630;-0.28917;0.0961630;-0.28917;0.0961630;-0.28917
1,16E+14;0.0713396;-0.250633;0.0961631;-0.28918;0.0961631;-0.28918;0.0961631;-0.28918
1,18E+14;0.0691339;-0.246805;0.0961632;-0.28919;0.0961632;-0.28919;0.0961632;-0.28919
1,20E+13;0.067018;-0.243058;0.0961633;-0.28920;0.0961633;-0.28920;0.0961633;-0.28920
1,22E+14;0.0649871;-0.239388;0.0961634;-0.28921;0.0961634;-0.28921;0.0961634;-0.28921
1,23E+14;0.063037;-0.235795;0.0961635;-0.28922;0.0961635;-0.28922;0.0961635;-0.28922
1,25E+14;0.0611636;-0.232275;0.0961636;-0.28923;0.0961636;-0.28923;0.0961636;-0.28923
1,27E+14;0.0593631;-0.228826;0.0961637;-0.28924;0.0961637;-0.28924;0.0961637;-0.28924
1,29E+14;0.0576318;-0.225447;0.0961638;-0.28925;0.0961638;-0.28925;0.0961638;-0.28925
1,31E+14;0.0559665;-0.222135;0.0961639;-0.28926;0.0961639;-0.28926;0.0961639;-0.28926
1,32E+14;0.0543639;-0.218888;0.0961640;-0.28927;0.0961640;-0.28927;0.0961640;-0.28927
1,34E+14;0.052821;-0.215706;0.0961641;-0.28928;0.0961641;-0.28928;0.0961641;-0.28928
1,36E+14;0.051335;-0.212585;0.0961642;-0.28929;0.0961642;-0.28929;0.0961642;-0.28929
1,38E+14;0.0499032;-0.209524;0.0961643;-0.28930;0.0961643;-0.28930;0.0961643;-0.28930
1,40E+14;0.0485232;-0.206521;0.0961644;-0.28931;0.0961644;-0.28931;0.0961644;-0.28931
1,41E+14;0.0471926;-0.203575;0.0961645;-0.28932;0.0961645;-0.28932;0.0961645;-0.28932
1,43E+14;0.045909;-0.200683;0.0961646;-0.28933;0.0961646;-0.28933;0.0961646;-0.28933
1,45E+13;0.0446705;-0.197846;0.0961647;-0.28934;0.0961647;-0.28934;0.0961647;-0.28934
1,47E+14;0.0434751;-0.19506;0.0961648;-0.28935;0.0961648;-0.28935;0.0961648;-0.28935
1,49E+14;0.0423207;-0.192325;0.0961649;-0.28936;0.0961649;-0.28936;0.0961649;-0.28936
1,51E+14;0.0412057;-0.189639;0.0961650;-0.28937;0.0961650;-0.28937;0.0961650;-0.28937
1,52E+14;0.0401283;-0.187;0.0961651;-0.28938;0.0961651;-0.28938;0.0961651;-0.28938
1,54E+14;0.0390869;-0.184408;0.0961652;-0.28939;0.0961652;-0.28939;0.0961652;-0.28939
1,56E+14;0.0380801;-0.181861;0.0961653;-0.28940;0.0961653;-0.28940;0.0961653;-0.28940
1,58E+14;0.0371063;-0.179358;0.0961654;-0.28941;0.0961654;-0.28941;0.0961654;-0.28941
1,60E+14;0.0361642;-0.176898;0.0961655;-0.28942;0.0961655;-0.28942;0.0961655;-0.28942
1,61E+14;0.0352526;-0.174479;0.0961656;-0.28943;0.0961656;-0.28943;0.0961656;-0.28943
1,63E+14;0.0343701;-0.1721;0.0961657;-0.28944;0.0961657;-0.28944;0.0961657;-0.28944
1,65E+13;0.0335156;-0.169761;0.0961658;-0.28945;0.0961658;-0.28945;0.0961658;-0.28945
1,67E+14;0.0326879;-0.16746;0.0961659;-0.28946;0.0961659;-0.28946;0.0961659;-0.28946
1,69E+14;0.0318861;-0.165197;0.0961660;-0.28947;0.0961660;-0.28947;0.0961660;-0.28947
1,70E+14;0.0311091;-0.16297;0.0961661;-0.28948;0.0961661;-0.28948;0.0961661;-0.28948
1,72E+14;0.030356;-0.160778;0.0961662;-0.28949;0.0961662;-0.28949;0.0961662;-0.28949
1,74E+14;0.0296257;-0.15862;0.0961663;-0.28950;0.0961663;-0.28950;0.0961663;-0.28950
1,76E+14;0.0289176;-0.156496;0.0961664;-0.28951;0.0961664;-0.28951;0.0961664;-0.28951
1,78E+14;0.0282306;-0.154405;0.0961665;-0.28952;0.0961665;-0.28952;0.0961665;-0.28952
1,79E+14;0.0275641;-0.152345;0.0961666;-0.28953;0.0961666;-0.28953;0.0961666;-0.28953
1,81E+14;0.0269173;-0.150316;0.0961667;-0.28954;0.0961667;-0.28954;0.0961667;-0.28954
1,83E+14;0.0262895;-0.148318;0.0961668;-0.28955;0.0961668;-0.28955;0.0961668;-0.28955
1,85E+13;0.0256799;-0.146349;0.0961669;-0.28956;0.0961669;-0.28956;0.0961669;-0.28956
1,87E+14;0.0250879;-0.144409;0.0961670;-0.28957;0.0961670;-0.28957;0.0961670;-0.28957
1,88E+14;0.0245129;-0.142497;0.0961671;-0.28958;0.0961671;-0.28958;0.0961671;-0.28958
1,90E+13;0.0239543;-0.140612;0.0961672;-0.28959;0.0961672;-0.28959;0.0961672;-0.28959
1,92E+14;0.0234115;-0.138754;0.0961673;-0.28960;0.0961673;-0.28960;0.0961673;-0.28960
1,94E+14;0.022884;-0.136922;0.0961674;-0.28961;0.0961674;-0.28961;0.0961674;-0.28961
1,96E+14;0.0223712;-0.135115;0.0961675;-0.28962;0.0961675;-0.28962;0.0961675;-0.28962
1,97E+14;0.0218726;-0.133333;0.0961676;-0.28963;0.0961676;-0.28963;0.0961676;-0.28963
1,99E+14;0.0213878;-0.131576;0.0961677;-0.28964;0.0961677;-0.28964;0.0961677;-0.28964
2,01E+14;0.0209163;-0.129842;0.0961678;-0.28965;0.0961678;-0.28965;0.0961678;-0.28965
2,03E+14;0.0204576;-0.128131;0.0961679;-0.28966;0.0961679;-0.28966;0.0961679;-0.28966
2,05E+14;0.0200114;-0.126442;0.0961680;-0.28967;0.0961680;-0.28967;0.0961680;-0.28967
2,06E+14;0.0195771;-0.124776;0.0961681;-0.28968;0.0961681;-0.28968;0.0961681;-0.28968
2,08E+14;0.0191545;-0.123131;0.0961682;-0.28969;0.0961682;-0.28969;0.0961682;-0.28969
2,10E+13;0.0187432;-0.121507;0.0961683;-0.28970;0.0961683;-0.28970;0.0961683;-0.28970
2,12E+14;0.0183427;-0.119903;0.0961684;-0.28971;0.0961684;-0.28971;0.0961684;-0.28971
2,14E+14;0.0179528;-0.11832;0.0961685;-0.28972;0.0961685;-0.28972;0.0961685;-0.28972
2,15E+14;0.0175731;-0.116756;0.0961686;-0.28973;0.0961686;-0.28973;0.0961686;-0.28973
2,17E+14;0.0172033;-0.115211;0.0961687;-0.28974;0.0961687;-0.28974;0.0961687;-0.28974
2,19E+14;0.0168431;-0.113686;0.0961688;-0.28975;0.0961688;-0.28975;0.0961688;-0.28975
2,21E+14;0.0164922;-0.112178;0.0961689;-0.28976;0.0961689;-0.28976;0.0961689;-0.28976
2,23E+14;0.0161503;-0.110689;0.0961690;-0.28977;0.0961690;-0.28977;0.0961690;-0.28977
2,24E+14;0.0158172;-0.109216;0.0961691;-0.28978;0.0961691;-0.28978;0.0961691;-0.28978
2,26E+14;0.0154926;-0.107762;0.0961692;-0.28979;0.0961692;-0.28979;0.0961692;-0.28979
2,28E+14;0.0151762;-0.106323;0.0961693;-0.28980;0.0961693;-0.28980;0.0961693;-0.28980
2,30E+13;0.0148678;-0.104902;0.0961694;-0.28981;0.0961694;-0.28981;0.0961694;-0.28981
2,32E+14;0.0145671;-0.103496;0.0961695;-0.28982;0.0961695;-0.28982;0.0961695;-0.28982
2,33E+14;0.014274;-0.102106;0.0961696;-0.28983;0.0961696;-0.28983;0.0961696;-0.28983
2,35E+14;0.0139882;-0.100732;0.0961697;-0.28984;0.0961697;-0.28984;0.0961697;-0.28984
2,37E+14;0.0137095;-0.0993727;0.0961698;-0.28985;0.0961698;-0.28985;0.0961698;-0.28985
2,39E+14;0.0134377;-0.0980281;0.0961699;-0.28986;0.0961699;-0.28986;0.0961699;-0.28986
2,41E+14;0.0131726;-0.0966981;0.0961700;-0.28987;0.0961700;-0.28987;0.0961700;-0.28987
2,42E+14;0.0129141;-0.0953822;0.0961701;-0.28988;0.0961701;-0.28988;0.0961701;-0.28988
2,44E+14;0.0126619;-0.0940802;0.0961702;-0.28989;0.0961702;-0.28989;0.0961702;-0.28989
2,46E+14;0.0124159;-0.0927919;0.0961703;-0.28990;0.0961703;-0.28990;0.0961703;-0.28990
2,48E+14;0.0121758;-0.0915168;0.0961704;-0.28991;0.0961704;-0.28991;0.0961704;-0.28991
2,50E+14;0.0119417;-0.0902549;0.0961705;-0.28992;0.0961705;-0.28992;0.0961705;-0.28992
2,52E+14;0.0117132;-0.0890057;0.0961706;-0.28993;0.0961706;-0.28993;0.0961706;-0.28993
2,53E+14;0.0114902;-0.0877691;0.0961707;-0.28994;0.0961707;-0.28994;0.0961707;-0.28994
2,55E+13;0.0112727;-0.0865449;0.0961708;-0.28995;0.0961708;-0.28995;0.0961708;-0.28995
2,57E+14;0.0110604;-0.0853327;0.0961709;-0.28996;0.0961709;-0.28996;0.0961709;-0.28996
2,59E+14;0.0108532;-0.0841323;0.0961710;-0.28997;0.0961710;-0.28997;0.0961710;-0.28997
2,61E+14;0.010651;-0.0829436;0.0961711;-0.28998;0.0961711;-0.28998;0.0961711;-0.28998
2,62E+14;0.0104536;-0.0817662;0.0961712;-0.28999;0.0961712;-0.28999;0.0961712;-0.28999
2,64E+14;0.010261;-0.0806;0.0961713;-0.29000;0.0961713;-0.29000;0.0961713;-0.29000
2,66E+14;0.010073;-0.0794448;0.0961714;-0.29001;0.0961714;-0.29001;0.0961714;-0.29001
2,68E+14;0.00988946;-0.0783004;0.0961715;-0.29002;0.0961715;-0.29002;0.0961715;-0.29002
2,70E+14;0.00971033;-0.0771665;0.0961716;-0.29003;0.0961716;-0.29003;0.0961716;-0.29003
2,71E+14;0.00953547;-0.0760429;0.0961717;-0.29004;0.0961717;-0.29004;0.0961717;-0.29004
2,73E+14;0.00936479;-0.0749295;0.0961718;-0.29005;0.0961718;-0.29005;0.0961718;-0.29005
2,75E+13;0.00919818;-0.0738261;0.0961719;-0.29006;0.0961719;-0.29006;0.0961719;-0.29006
2,77E+14;0.00903553;-0.0727325;0.0961720;-0.29007;0.0961720;-0.29007;0.0961720;-0.29007
2,79E+14;0.00887677;-0.0716485;0.0961721;-0.29008;0.0961721;-0.29008;0.0961721;-0.29008
2,80E+14;0.00872179;-0.070574;0.0961722;-0.29009;0.0961722;-0.29009;0.0961722;-0.29009
2,82E+14;0.00857051;-0.0695088;0.0961723;-0.29010;0.0961723;-0.29010;0.0961723;-0.29010
2,84E+14;0.00842284;-0.0684526;0.0961724;-0.29011;0.0961724;-0.29011;0.0961724;-0.29011
2,86E+14;0.0082787;-0.0674054;0.0961725;-0.29012;0.0961725;-0.29012;0.0961725;-0.29012
2,88E+14;0.008138;-0.066367;0.0961726;-0.29013;0.0961726;-0.29013;0.0961726;-0.29013
2,89E+14;0.00800067;-0.0653372;0.0961727;-0.29014;0.0961727;-0.29014;0.0961727;-0.29014
2,91E+14;0.00786662;-0.064316;0.0961728;-0.29015;0.0961728;-0.29015;0.0961728;-0.29015
2,93E+14;0.00773579;-0.063303;0.0961729;-0.29016;0.0961729;-0.29016;0.0961729;-0.29016
2,95E+13;0.00760811;-0.0622983;0.0961730;-0.29017;0.0961730;-0.29017;0.0961730;-0.29017
2,97E+14;0.0074835;-0.0613016;0.0961731;-0.29018;0.0961731;-0.29018;0.0961731;-0.29018
2,98E+14;0.00736189;-0.0603128;0.0961732;-0.29019;0.0961732;-0.29019;0.0961732;-0.29019
3,00E+12;0.00724323;-0.0593318;0.0961733;-0.29020;0.0961733;-0.29020;0.0961733;-0.29020
3,02E+14;0.00712744;-0.0583585;0.0961734;-0.29021;0.0961734;-0.29021;0.0961734;-0.29021
3,04E+14;0.00701446;-0.0573926;0.0961735;-0.29022;0.0961735;-0.29022;0.0961735;-0.29022
3,06E+14;0.00690424;-0.0564342;0.0961736;-0.29023;0.0961736;-0.29023;0.0961736;-0.29023
3,07E+14;0.00679671;-0.0554831;0.0961737;-0.29024;0.0961737;-0.29024;0.0961737;-0.29024
3,09E+14;0.00669183;-0.0545391;0.0961738;-0.29025;0.0961738;-0.29025;0.0961738;-0.29025
3,11E+14;0.00658952;-0.0536021;0.0961739;-0.29026;0.0961739;-0.29026;0.0961739;-0.29026
3,13E+14;0.00648975;-0.052672;0.0961740;-0.29027;0.0961740;-0.29027;0.0961740;-0.29027
3,15E+14;0.00639245;-0.0517488;0.0961741;-0.29028;0.0961741;-0.29028;0.0961741;-0.29028
3,16E+14;0.00629757;-0.0508323;0.0961742;-0.29029;0.0961742;-0.29029;0.0961742;-0.29029
3,18E+14;0.00620508;-0.0499223;0.0961743;-0.29030;0.0961743;-0.29030;0.0961743;-0.29030
3,20E+13;0.00611491;-0.0490188;0.0961744;-0.29031;0.0961744;-0.29031;0.0961744;-0.29031
3,22E+14;0.00602702;-0.0481218;0.0961745;-0.29032;0.0961745;-0.29032;0.0961745;-0.29032
3,24E+14;0.00594138;-0.0472309;0.0961746;-0.29033;0.0961746;-0.29033;0.0961746;-0.29033
3,25E+14;0.00585792;-0.0463463;0.0961747;-0.29034;0.0961747;-0.29034;0.0961747;-0.29034
3,27E+14;0.00577661;-0.0454678;0.0961748;-0.29035;0.0961748;-0.29035;0.0961748;-0.29035
3,29E+14;0.00569741;-0.0445952;0.0961749;-0.29036;0.0961749;-0.29036;0.0961749;-0.29036
3,31E+14;0.00562027;-0.0437286;0.0961750;-0.29037;0.0961750;-0.29037;0.0961750;-0.29037
3,33E+14;0.00554517;-0.0428677;0.0961751;-0.29038;0.0961751;-0.29038;0.0961751;-0.29038
3,34E+14;0.00547205;-0.0420126;0.0961752;-0.29039;0.0961752;-0.29039;0.0961752;-0.29039
3,36E+14;0.00540088;-0.0411631;0.0961753;-0.29040;0.0961753;-0.29040;0.0961753;-0.29040
3,38E+14;0.00533162;-0.0403191;0.0961754;-0.29041;0.0961754;-0.29041;0.0961754;-0.29041
3,40E+13;0.00526424;-0.0394806;0.0961755;-0.29042;0.0961755;-0.29042;0.0961755;-0.29042
3,42E+14;0.00519871;-0.0386474;0.0961756;-0.29043;0.0961756;-0.29043;0.0961756;-0.29043
3,43E+14;0.00513498;-0.0378196;0.0961757;-0.29044;0.0961757;-0.29044;0.0961757;-0.29044
3,45E+14;0.00507304;-0.036997;0.0961758;-0.29045;0.0961758;-0.29045;0.0961758;-0.29045
3,47E+14;0.00501283;-0.0361795;0.0961759;-0.29046;0.0961759;-0.29046;0.0961759;-0.29046
3,49E+14;0.00495434;-0.0353671;0.0961760;-0.29047;0.0961760;-0.29047;0.0961760;-0.29047
3,51E+14;0.00489753;-0.0345596;0.0961761;-0.29048;0.0961761;-0.29048;0.0961761;-0.29048
3,53E+14;0.00484237;-0.0337571;0.0961762;-0.29049;0.0961762;-0.29049;0.0961762;-0.29049
3,54E+14;0.00478883;-0.0329594;0.0961763;-0.29050;0.0961763;-0.29050;0.0961763;-0.29050
3,56E+14;0.00473689;-0.0321666;0.0961764;-0.29051;0.0961764;-0.29051;0.0961764;-0.29051
3,58E+14;0.00468652;-0.0313784;0.0961765;-0.29052;0.0961765;-0.29052;0.0961765;-0.29052
3,60E+14;0.00463768;-0.0305948;0.0961766;-0.29053;0.0961766;-0.29053;0.0961766;-0.29053
3,62E+14;0.00459036;-0.0298158;0.0961767;-0.29054;0.0961767;-0.29054;0.0961767;-0.29054
3,63E+14;0.00454453;-0.0290413;0.0961768;-0.29055;0.0961768;-0.29055;0.0961768;-0.29055
3,65E+13;0.00450016;-0.0282713;0.0961769;-0.29056;0.0961769;-0.29056;0.0961769;-0.29056
3,67E+14;0.00445723;-0.0275057;0.0961770;-0.29057;0.0961770;-0.29057;0.0961770;-0.29057
3,69E+14;0.00441571;-0.0267443;0.0961771;-0.29058;0.0961771;-0.29058;0.0961771;-0.29058
3,71E+14;0.00437558;-0.0259872;0.0961772;-0.29059;0.0961772;-0.29059;0.0961772;-0.29059
3,72E+14;0.00433683;-0.0252344;0.0961773;-0.29060;0.0961773;-0.29060;0.0961773;-0.29060
3,74E+14;0.00429941;-0.0244856;0.0961774;-0.29061;0.0961774;-0.29061;0.0961774;-0.29061
3,76E+14;0.00426333;-0.023741;0.0961775;-0.29062;0.0961775;-0.29062;0.0961775;-0.29062
3,78E+14;0.00422854;-0.0230004;0.0961776;-0.29063;0.0961776;-0.29063;0.0961776;-0.29063
3,80E+14;0.00419504;-0.0222637;0.0961777;-0.29064;0.0961777;-0.29064;0.0961777;-0.29064
3,81E+14;0.0041628;-0.021531;0.0961778;-0.29065;0.0961778;-0.29065;0.0961778;-0.29065
3,83E+14;0.0041318;-0.0208022;0.0961779;-0.29066;0.0961779;-0.29066;0.0961779;-0.29066
3,85E+13;0.00410203;-0.0200771;0.0961780;-0.29067;0.0961780;-0.29067;0.0961780;-0.29067
3,87E+14;0.00407346;-0.0193558;0.0961781;-0.29068;0.0961781;-0.29068;0.0961781;-0.29068
3,89E+14;0.00404608;-0.0186383;0.0961782;-0.29069;0.0961782;-0.29069;0.0961782;-0.29069
3,90E+14;0.00401986;-0.0179244;0.0961783;-0.29070;0.0961783;-0.29070;0.0961783;-0.29070
3,92E+14;0.00399479;-0.0172141;0.0961784;-0.29071;0.0961784;-0.29071;0.0961784;-0.29071
3,94E+14;0.00397086;-0.0165074;0.0961785;-0.29072;0.0961785;-0.29072;0.0961785;-0.29072
3,96E+14;0.00394804;-0.0158042;0.0961786;-0.29073;0.0961786;-0.29073;0.0961786;-0.29073
3,98E+14;0.00392633;-0.0151045;0.0961787;-0.29074;0.0961787;-0.29074;0.0961787;-0.29074
3,99E+14;0.00390569;-0.0144082;0.0961788;-0.29075;0.0961788;-0.29075;0.0961788;-0.29075
4,01E+14;0.00388612;-0.0137154;0.0961789;-0.29076;0.0961789;-0.29076;0.0961789;-0.29076
4,03E+14;0.00386761;-0.0130258;0.0961790;-0.29077;0.0961790;-0.29077;0.0961790;-0.29077
4,05E+13;0.00385013;-0.0123396;0.0961791;-0.29078;0.0961791;-0.29078;0.0961791;-0.29078
4,07E+14;0.00383368;-0.0116566;0.0961792;-0.29079;0.0961792;-0.29079;0.0961792;-0.29079
4,08E+14;0.00381823;-0.0109768;0.0961793;-0.29080;0.0961793;-0.29080;0.0961793;-0.29080
4,10E+13;0.00380378;-0.0103003;0.0961794;-0.29081;0.0961794;-0.29081;0.0961794;-0.29081
4,12E+14;0.00379031;-0.00962681;0.0961795;-0.29082;0.0961795;-0.29082;0.0961795;-0.29082
4,14E+14;0.0037778;-0.00895646;0.0961796;-0.29083;0.0961796;-0.29083;0.0961796;-0.29083
4,16E+14;0.00376625;-0.00828918;0.0961797;-0.29084;0.0961797;-0.29084;0.0961797;-0.29084
4,17E+14;0.00375564;-0.00762492;0.0961798;-0.29085;0.0961798;-0.29085;0.0961798;-0.29085
4,19E+14;0.00374595;-0.00696365;0.0961799;-0.29086;0.0961799;-0.29086;0.0961799;-0.29086
4,21E+14;0.00373719;-0.00630532;0.0961800;-0.29087;0.0961800;-0.29087;0.0961800;-0.29087
4,23E+14;0.00372932;-0.00564991;0.0961801;-0.29088;0.0961801;-0.29088;0.0961801;-0.29088
4,25E+14;0.00372235;-0.00499738;0.0961802;-0.29089;0.0961802;-0.29089;0.0961802;-0.29089
4,26E+14;0.00371625;-0.00434769;0.0961803;-0.29090;0.0961803;-0.29090;0.0961803;-0.29090
4,28E+14;0.00371103;-0.0037008;0.0961804;-0.29091;0.0961804;-0.29091;0.0961804;-0.29091
4,30E+13;0.00370666;-0.0030567;0.0961805;-0.29092;0.0961805;-0.29092;0.0961805;-0.29092
4,32E+14;0.00370313;-0.00241533;0.0961806;-0.29093;0.0961806;-0.29093;0.0961806;-0.29093
4,34E+14;0.00370045;-0.00177667;0.0961807;-0.29094;0.0961807;-0.29094;0.0961807;-0.29094
4,35E+14;0.00369859;-0.00114069;0.0961808;-0.29095;0.0961808;-0.29095;0.0961808;-0.29095
4,37E+14;0.00369754;-0.000507357;0.0961809;-0.29096;0.0961809;-0.29096;0.0961809;-0.29096
4,39E+14;0.00369729;0.000123363;0.0961810;-0.29097;0.0961810;-0.29097;0.0961810;-0.29097
4,41E+14;0.00369785;0.0007515;0.0961811;-0.29098;0.0961811;-0.29098;0.0961811;-0.29098
4,43E+14;0.00369918;0.00137708;0.0961812;-0.29099;0.0961812;-0.29099;0.0961812;-0.29099
4,44E+14;0.00370129;0.00200014;0.0961813;-0.29100;0.0961813;-0.29100;0.0961813;-0.29100
4,46E+14;0.00370417;0.00262071;0.0961814;-0.29101;0.0961814;-0.29101;0.0961814;-0.29101
4,48E+14;0.00370781;0.0032388;0.0961815;-0.29102;0.0961815;-0.29102;0.0961815;-0.29102
4,50E+12;0.00371219;0.00385446;0.0961816;-0.29103;0.0961816;-0.29103;0.0961816;-0.29103
4,52E+14;0.00371731;0.00446771;0.0961817;-0.29104;0.0961817;-0.29104;0.0961817;-0.29104
4,54E+14;0.00372317;0.00507858;0.0961818;-0.29105;0.0961818;-0.29105;0.0961818;-0.29105
4,55E+14;0.00372974;0.00568709;0.0961819;-0.29106;0.0961819;-0.29106;0.0961819;-0.29106
4,57E+14;0.00373703;0.00629327;0.0961820;-0.29107;0.0961820;-0.29107;0.0961820;-0.29107
4,59E+14;0.00374503;0.00689715;0.0961821;-0.29108;0.0961821;-0.29108;0.0961821;-0.29108
4,61E+14;0.00375372;0.00749875;0.0961822;-0.29109;0.0961822;-0.29109;0.0961822;-0.29109
4,63E+14;0.00376311;0.0080981;0.0961823;-0.29110;0.0961823;-0.29110;0.0961823;-0.29110
4,64E+14;0.00377317;0.00869522;0.0961824;-0.29111;0.0961824;-0.29111;0.0961824;-0.29111
4,66E+14;0.00378391;0.00929014;0.0961825;-0.29112;0.0961825;-0.29112;0.0961825;-0.29112
4,68E+14;0.00379532;0.00988288;0.0961826;-0.29113;0.0961826;-0.29113;0.0961826;-0.29113
4,70E+14;0.00380739;0.0104735;0.0961827;-0.29114;0.0961827;-0.29114;0.0961827;-0.29114
4,72E+14;0.00382011;0.0110619;0.0961828;-0.29115;0.0961828;-0.29115;0.0961828;-0.29115
4,73E+14;0.00383348;0.0116483;0.0961829;-0.29116;0.0961829;-0.29116;0.0961829;-0.29116
4,75E+13;0.00384749;0.0122325;0.0961830;-0.29117;0.0961830;-0.29117;0.0961830;-0.29117
4,77E+14;0.00386213;0.0128147;0.0961831;-0.29118;0.0961831;-0.29118;0.0961831;-0.29118
4,79E+14;0.0038774;0.0133949;0.0961832;-0.29119;0.0961832;-0.29119;0.0961832;-0.29119
4,81E+14;0.00389329;0.013973;0.0961833;-0.29120;0.0961833;-0.29120;0.0961833;-0.29120
4,82E+14;0.00390979;0.0145492;0.0961834;-0.29121;0.0961834;-0.29121;0.0961834;-0.29121
4,84E+14;0.0039269;0.0151233;0.0961835;-0.29122;0.0961835;-0.29122;0.0961835;-0.29122
4,86E+14;0.00394461;0.0156955;0.0961836;-0.29123;0.0961836;-0.29123;0.0961836;-0.29123
4,88E+14;0.00396291;0.0162658;0.0961837;-0.29124;0.0961837;-0.29124;0.0961837;-0.29124
4,90E+14;0.0039818;0.0168342;0.0961838;-0.29125;0.0961838;-0.29125;0.0961838;-0.29125
4,91E+14;0.00400128;0.0174006;0.0961839;-0.29126;0.0961839;-0.29126;0.0961839;-0.29126
4,93E+14;0.00402133;0.0179652;0.0961840;-0.29127;0.0961840;-0.29127;0.0961840;-0.29127
4,95E+13;0.00404196;0.018528;0.0961841;-0.29128;0.0961841;-0.29128;0.0961841;-0.29128
4,97E+14;0.00406315;0.0190889;0.0961842;-0.29129;0.0961842;-0.29129;0.0961842;-0.29129
4,99E+14;0.0040849;0.0196479;0.0961843;-0.29130;0.0961843;-0.29130;0.0961843;-0.29130
5,00E+14;0.00410721;0.0202052;0.0961844;-0.29131;0.0961844;-0.29131;0.0961844;-0.29131
5,02E+14;0.00413007;0.0207607;0.0961845;-0.29132;0.0961845;-0.29132;0.0961845;-0.29132
5,04E+14;0.00415348;0.0213145;0.0961846;-0.29133;0.0961846;-0.29133;0.0961846;-0.29133
5,06E+14;0.00417743;0.0218665;0.0961847;-0.29134;0.0961847;-0.29134;0.0961847;-0.29134
5,08E+14;0.00420191;0.0224167;0.0961848;-0.29135;0.0961848;-0.29135;0.0961848;-0.29135
5,09E+14;0.00422692;0.0229653;0.0961849;-0.29136;0.0961849;-0.29136;0.0961849;-0.29136
5,11E+14;0.00425246;0.0235121;0.0961850;-0.29137;0.0961850;-0.29137;0.0961850;-0.29137
5,13E+14;0.00427852;0.0240573;0.0961851;-0.29138;0.0961851;-0.29138;0.0961851;-0.29138
5,15E+13;0.0043051;0.0246008;0.0961852;-0.29139;0.0961852;-0.29139;0.0961852;-0.29139
5,17E+14;0.00433219;0.0251427;0.0961853;-0.29140;0.0961853;-0.29140;0.0961853;-0.29140
5,18E+14;0.00435978;0.025683;0.0961854;-0.29141;0.0961854;-0.29141;0.0961854;-0.29141
5,20E+13;0.00438788;0.0262216;0.0961855;-0.29142;0.0961855;-0.29142;0.0961855;-0.29142
5,22E+14;0.00441648;0.0267587;0.0961856;-0.29143;0.0961856;-0.29143;0.0961856;-0.29143
5,24E+14;0.00444557;0.0272941;0.0961857;-0.29144;0.0961857;-0.29144;0.0961857;-0.29144
5,26E+14;0.00447516;0.027828;0.0961858;-0.29145;0.0961858;-0.29145;0.0961858;-0.29145
5,27E+14;0.00450523;0.0283604;0.0961859;-0.29146;0.0961859;-0.29146;0.0961859;-0.29146
5,29E+14;0.00453578;0.0288912;0.0961860;-0.29147;0.0961860;-0.29147;0.0961860;-0.29147
5,31E+14;0.00456681;0.0294205;0.0961861;-0.29148;0.0961861;-0.29148;0.0961861;-0.29148
5,33E+14;0.00459832;0.0299483;0.0961862;-0.29149;0.0961862;-0.29149;0.0961862;-0.29149
5,35E+14;0.0046303;0.0304746;0.0961863;-0.29150;0.0961863;-0.29150;0.0961863;-0.29150
5,36E+14;0.00466274;0.0309994;0.0961864;-0.29151;0.0961864;-0.29151;0.0961864;-0.29151
5,38E+14;0.00469565;0.0315227;0.0961865;-0.29152;0.0961865;-0.29152;0.0961865;-0.29152
5,40E+13;0.00472902;0.0320446;0.0961866;-0.29153;0.0961866;-0.29153;0.0961866;-0.29153
5,42E+14;0.00476284;0.0325651;0.0961867;-0.29154;0.0961867;-0.29154;0.0961867;-0.29154
5,44E+14;0.00479712;0.0330841;0.0961868;-0.29155;0.0961868;-0.29155;0.0961868;-0.29155
5,45E+14;0.00483184;0.0336018;0.0961869;-0.29156;0.0961869;-0.29156;0.0961869;-0.29156
5,47E+14;0.00486701;0.034118;0.0961870;-0.29157;0.0961870;-0.29157;0.0961870;-0.29157
5,49E+14;0.00490262;0.0346329;0.0961871;-0.29158;0.0961871;-0.29158;0.0961871;-0.29158
5,51E+14;0.00493868;0.0351463;0.0961872;-0.29159;0.0961872;-0.29159;0.0961872;-0.29159
5,53E+14;0.00497516;0.0356585;0.0961873;-0.29160;0.0961873;-0.29160;0.0961873;-0.29160
5,55E+14;0.00501208;0.0361692;0.0961874;-0.29161;0.0961874;-0.29161;0.0961874;-0.29161
5,56E+14;0.00504943;0.0366787;0.0961875;-0.29162;0.0961875;-0.29162;0.0961875;-0.29162
5,58E+14;0.00508721;0.0371868;0.0961876;-0.29163;0.0961876;-0.29163;0.0961876;-0.29163
5,60E+13;0.00512541;0.0376936;0.0961877;-0.29164;0.0961877;-0.29164;0.0961877;-0.29164
5,62E+14;0.00516402;0.0381991;0.0961878;-0.29165;0.0961878;-0.29165;0.0961878;-0.29165
5,64E+14;0.00520306;0.0387033;0.0961879;-0.29166;0.0961879;-0.29166;0.0961879;-0.29166
5,65E+14;0.00524251;0.0392063;0.0961880;-0.29167;0.0961880;-0.29167;0.0961880;-0.29167
5,67E+14;0.00528237;0.0397079;0.0961881;-0.29168;0.0961881;-0.29168;0.0961881;-0.29168
5,69E+14;0.00532264;0.0402084;0.0961882;-0.29169;0.0961882;-0.29169;0.0961882;-0.29169
5,71E+14;0.00536332;0.0407075;0.0961883;-0.29170;0.0961883;-0.29170;0.0961883;-0.29170
5,73E+14;0.0054044;0.0412055;0.0961884;-0.29171;0.0961884;-0.29171;0.0961884;-0.29171
5,74E+14;0.00544588;0.0417022;0.0961885;-0.29172;0.0961885;-0.29172;0.0961885;-0.29172
5,76E+14;0.00548775;0.0421977;0.0961886;-0.29173;0.0961886;-0.29173;0.0961886;-0.29173
5,78E+14;0.00553003;0.0426921;0.0961887;-0.29174;0.0961887;-0.29174;0.0961887;-0.29174
5,80E+13;0.00557269;0.0431852;0.0961888;-0.29175;0.0961888;-0.29175;0.0961888;-0.29175
5,82E+14;0.00561574;0.0436771;0.0961889;-0.29176;0.0961889;-0.29176;0.0961889;-0.29176
5,83E+14;0.00565919;0.0441679;0.0961890;-0.29177;0.0961890;-0.29177;0.0961890;-0.29177
5,85E+13;0.00570301;0.0446575;0.0961891;-0.29178;0.0961891;-0.29178;0.0961891;-0.29178
5,87E+14;0.00574722;0.045146;0.0961892;-0.29179;0.0961892;-0.29179;0.0961892;-0.29179
5,89E+14;0.00579181;0.0456333;0.0961893;-0.29180;0.0961893;-0.29180;0.0961893;-0.29180
5,91E+14;0.00583678;0.0461195;0.0961894;-0.29181;0.0961894;-0.29181;0.0961894;-0.29181
5,92E+14;0.00588212;0.0466046;0.0961895;-0.29182;0.0961895;-0.29182;0.0961895;-0.29182
5,94E+14;0.00592783;0.0470886;0.0961896;-0.29183;0.0961896;-0.29183;0.0961896;-0.29183
5,96E+14;0.00597392;0.0475714;0.0961897;-0.29184;0.0961897;-0.29184;0.0961897;-0.29184
5,98E+14;0.00602037;0.0480532;0.0961898;-0.29185;0.0961898;-0.29185;0.0961898;-0.29185
6,00E+14;0.0060672;0.0485339;0.0961899;-0.29186;0.0961899;-0.29186;0.0961899;-0.29186
6,01E+14;0.00611438;0.0490135;0.0961900;-0.29187;0.0961900;-0.29187;0.0961900;-0.29187
6,03E+14;0.00616193;0.049492;0.0961901;-0.29188;0.0961901;-0.29188;0.0961901;-0.29188
6,05E+13;0.00620983;0.0499695;0.0961902;-0.29189;0.0961902;-0.29189;0.0961902;-0.29189
6,07E+14;0.0062581;0.050446;0.0961903;-0.29190;0.0961903;-0.29190;0.0961903;-0.29190
6,09E+14;0.00630672;0.0509213;0.0961904;-0.29191;0.0961904;-0.29191;0.0961904;-0.29191
6,10E+14;0.00635569;0.0513957;0.0961905;-0.29192;0.0961905;-0.29192;0.0961905;-0.29192
6,12E+14;0.00640502;0.051869;0.0961906;-0.29193;0.0961906;-0.29193;0.0961906;-0.29193
6,14E+14;0.0064547;0.0523414;0.0961907;-0.29194;0.0961907;-0.29194;0.0961907;-0.29194
6,16E+14;0.00650472;0.0528127;0.0961908;-0.29195;0.0961908;-0.29195;0.0961908;-0.29195
6,18E+14;0.00655509;0.053283;0.0961909;-0.29196;0.0961909;-0.29196;0.0961909;-0.29196
6,19E+14;0.0066058;0.0537523;0.0961910;-0.29197;0.0961910;-0.29197;0.0961910;-0.29197
6,21E+14;0.00665686;0.0542207;0.0961911;-0.29198;0.0961911;-0.29198;0.0961911;-0.29198
6,23E+14;0.00670826;0.054688;0.0961912;-0.29199;0.0961912;-0.29199;0.0961912;-0.29199
6,25E+13;0.00675999;0.0551544;0.0961913;-0.29200;0.0961913;-0.29200;0.0961913;-0.29200
6,27E+14;0.00681206;0.0556198;0.0961914;-0.29201;0.0961914;-0.29201;0.0961914;-0.29201
6,28E+14;0.00686447;0.0560843;0.0961915;-0.29202;0.0961915;-0.29202;0.0961915;-0.29202
6,30E+14;0.00691721;0.0565478;0.0961916;-0.29203;0.0961916;-0.29203;0.0961916;-0.29203
6,32E+14;0.00697028;0.0570104;0.0961917;-0.29204;0.0961917;-0.29204;0.0961917;-0.29204
6,34E+14;0.00702369;0.0574721;0.0961918;-0.29205;0.0961918;-0.29205;0.0961918;-0.29205
6,36E+14;0.00707742;0.0579328;0.0961919;-0.29206;0.0961919;-0.29206;0.0961919;-0.29206
6,37E+14;0.00713147;0.0583926;0.0961920;-0.29207;0.0961920;-0.29207;0.0961920;-0.29207
6,39E+14;0.00718585;0.0588516;0.0961921;-0.29208;0.0961921;-0.29208;0.0961921;-0.29208
6,41E+14;0.00724056;0.0593096;0.0961922;-0.29209;0.0961922;-0.29209;0.0961922;-0.29209
6,43E+14;0.00729559;0.0597667;0.0961923;-0.29210;0.0961923;-0.29210;0.0961923;-0.29210
6,45E+14;0.00735093;0.0602229;0.0961924;-0.29211;0.0961924;-0.29211;0.0961924;-0.29211
6,46E+14;0.0074066;0.0606782;0.0961925;-0.29212;0.0961925;-0.29212;0.0961925;-0.29212
6,48E+14;0.00746258;0.0611327;0.0961926;-0.29213;0.0961926;-0.29213;0.0961926;-0.29213
6,50E+12;0.00751888;0.0615862;0.0961927;-0.29214;0.0961927;-0.29214;0.0961927;-0.29214
6,52E+14;0.00757549;0.062039;0.0961928;-0.29215;0.0961928;-0.29215;0.0961928;-0.29215
6,54E+14;0.00763242;0.0624908;0.0961929;-0.29216;0.0961929;-0.29216;0.0961929;-0.29216
6,56E+14;0.00768965;0.0629418;0.0961930;-0.29217;0.0961930;-0.29217;0.0961930;-0.29217
6,57E+14;0.0077472;0.063392;0.0961931;-0.29218;0.0961931;-0.29218;0.0961931;-0.29218
6,59E+14;0.00780505;0.0638413;0.0961932;-0.29219;0.0961932;-0.29219;0.0961932;-0.29219
6,61E+14;0.00786322;0.0642898;0.0961933;-0.29220;0.0961933;-0.29220;0.0961933;-0.29220
6,63E+14;0.00792168;0.0647375;0.0961934;-0.29221;0.0961934;-0.29221;0.0961934;-0.29221
6,65E+14;0.00798045;0.0651843;0.0961935;-0.29222;0.0961935;-0.29222;0.0961935;-0.29222
6,66E+14;0.00803953;0.0656303;0.0961936;-0.29223;0.0961936;-0.29223;0.0961936;-0.29223
6,68E+14;0.00809891;0.0660755;0.0961937;-0.29224;0.0961937;-0.29224;0.0961937;-0.29224
6,70E+13;0.00815858;0.06652;0.0961938;-0.29225;0.0961938;-0.29225;0.0961938;-0.29225
6,72E+14;0.00821856;0.0669636;0.0961939;-0.29226;0.0961939;-0.29226;0.0961939;-0.29226
6,74E+14;0.00827883;0.0674064;0.0961940;-0.29227;0.0961940;-0.29227;0.0961940;-0.29227
6,75E+14;0.0083394;0.0678484;0.0961941;-0.29228;0.0961941;-0.29228;0.0961941;-0.29228
6,77E+14;0.00840027;0.0682897;0.0961942;-0.29229;0.0961942;-0.29229;0.0961942;-0.29229
6,79E+14;0.00846143;0.0687302;0.0961943;-0.29230;0.0961943;-0.29230;0.0961943;-0.29230
6,81E+14;0.00852288;0.0691699;0.0961944;-0.29231;0.0961944;-0.29231;0.0961944;-0.29231
6,83E+14;0.00858462;0.0696088;0.0961945;-0.29232;0.0961945;-0.29232;0.0961945;-0.29232
6,84E+14;0.00864666;0.070047;0.0961946;-0.29233;0.0961946;-0.29233;0.0961946;-0.29233
6,86E+14;0.00870898;0.0704844;0.0961947;-0.29234;0.0961947;-0.29234;0.0961947;-0.29234
6,88E+14;0.00877159;0.0709211;0.0961948;-0.29235;0.0961948;-0.29235;0.0961948;-0.29235
6,90E+13;0.00883449;0.071357;0.0961949;-0.29236;0.0961949;-0.29236;0.0961949;-0.29236
6,92E+14;0.00889767;0.0717922;0.0961950;-0.29237;0.0961950;-0.29237;0.0961950;-0.29237
6,93E+14;0.00896114;0.0722267;0.0961951;-0.29238;0.0961951;-0.29238;0.0961951;-0.29238
6,95E+13;0.0090249;0.0726604;0.0961952;-0.29239;0.0961952;-0.29239;0.0961952;-0.29239
6,97E+14;0.00908893;0.0730934;0.0961953;-0.29240;0.0961953;-0.29240;0.0961953;-0.29240
6,99E+14;0.00915325;0.0735257;0.0961954;-0.29241;0.0961954;-0.29241;0.0961954;-0.29241
7,01E+14;0.00921785;0.0739573;0.0961955;-0.29242;0.0961955;-0.29242;0.0961955;-0.29242
7,02E+14;0.00928272;0.0743881;0.0961956;-0.29243;0.0961956;-0.29243;0.0961956;-0.29243
7,04E+14;0.00934788;0.0748183;0.0961957;-0.29244;0.0961957;-0.29244;0.0961957;-0.29244
7,06E+14;0.00941331;0.0752477;0.0961958;-0.29245;0.0961958;-0.29245;0.0961958;-0.29245
7,08E+14;0.00947902;0.0756765;0.0961959;-0.29246;0.0961959;-0.29246;0.0961959;-0.29246
7,10E+14;0.009545;0.0761046;0.0961960;-0.29247;0.0961960;-0.29247;0.0961960;-0.29247
7,11E+14;0.00961126;0.0765319;0.0961961;-0.29248;0.0961961;-0.29248;0.0961961;-0.29248
7,13E+14;0.00967779;0.0769586;0.0961962;-0.29249;0.0961962;-0.29249;0.0961962;-0.29249
7,15E+13;0.00974459;0.0773847;0.0961963;-0.29250;0.0961963;-0.29250;0.0961963;-0.29250
7,17E+14;0.00981167;0.07781;0.0961964;-0.29251;0.0961964;-0.29251;0.0961964;-0.29251
7,19E+14;0.00987901;0.0782347;0.0961965;-0.29252;0.0961965;-0.29252;0.0961965;-0.29252
7,20E+14;0.00994663;0.0786587;0.0961966;-0.29253;0.0961966;-0.29253;0.0961966;-0.29253
7,22E+14;0.0100145;0.079082;0.0961967;-0.29254;0.0961967;-0.29254;0.0961967;-0.29254
7,24E+14;0.0100827;0.0795047;0.0961968;-0.29255;0.0961968;-0.29255;0.0961968;-0.29255
7,26E+14;0.0101511;0.0799267;0.0961969;-0.29256;0.0961969;-0.29256;0.0961969;-0.29256
7,28E+14;0.0102198;0.0803481;0.0961970;-0.29257;0.0961970;-0.29257;0.0961970;-0.29257
7,29E+14;0.0102887;0.0807689;0.0961971;-0.29258;0.0961971;-0.29258;0.0961971;-0.29258
7,31E+14;0.0103579;0.081189;0.0961972;-0.29259;0.0961972;-0.29259;0.0961972;-0.29259
7,33E+14;0.0104274;0.0816084;0.0961973;-0.29260;0.0961973;-0.29260;0.0961973;-0.29260
7,35E+13;0.0104971;0.0820273;0.0961974;-0.29261;0.0961974;-0.29261;0.0961974;-0.29261
7,37E+14;0.0105671;0.0824455;0.0961975;-0.29262;0.0961975;-0.29262;0.0961975;-0.29262
7,38E+14;0.0106374;0.0828631;0.0961976;-0.29263;0.0961976;-0.29263;0.0961976;-0.29263
7,40E+14;0.0107079;0.08328;0.0961977;-0.29264;0.0961977;-0.29264;0.0961977;-0.29264
7,42E+14;0.0107787;0.0836964;0.0961978;-0.29265;0.0961978;-0.29265;0.0961978;-0.29265
7,44E+14;0.0108497;0.0841121;0.0961979;-0.29266;0.0961979;-0.29266;0.0961979;-0.29266
7,46E+14;0.010921;0.0845272;0.0961980;-0.29267;0.0961980;-0.29267;0.0961980;-0.29267
7,47E+14;0.0109926;0.0849417;0.0961981;-0.29268;0.0961981;-0.29268;0.0961981;-0.29268
7,49E+14;0.0110644;0.0853556;0.0961982;-0.29269;0.0961982;-0.29269;0.0961982;-0.29269
7,51E+14;0.0111364;0.0857689;0.0961983;-0.29270;0.0961983;-0.29270;0.0961983;-0.29270
7,53E+14;0.0112087;0.0861816;0.0961984;-0.29271;0.0961984;-0.29271;0.0961984;-0.29271
7,55E+14;0.0112813;0.0865938;0.0961985;-0.29272;0.0961985;-0.29272;0.0961985;-0.29272
7,57E+14;0.0113541;0.0870053;0.0961986;-0.29273;0.0961986;-0.29273;0.0961986;-0.29273
7,58E+14;0.0114272;0.0874162;0.0961987;-0.29274;0.0961987;-0.29274;0.0961987;-0.29274
7,60E+13;0.0115005;0.0878266;0.0961988;-0.29275;0.0961988;-0.29275;0.0961988;-0.29275
7,62E+14;0.0115741;0.0882364;0.0961989;-0.29276;0.0961989;-0.29276;0.0961989;-0.29276
7,64E+14;0.0116479;0.0886456;0.0961990;-0.29277;0.0961990;-0.29277;0.0961990;-0.29277
7,66E+14;0.011722;0.0890543;0.0961991;-0.29278;0.0961991;-0.29278;0.0961991;-0.29278
7,67E+14;0.0117963;0.0894623;0.0961992;-0.29279;0.0961992;-0.29279;0.0961992;-0.29279
7,69E+14;0.0118709;0.0898698;0.0961993;-0.29280;0.0961993;-0.29280;0.0961993;-0.29280
7,71E+14;0.0119457;0.0902768;0.0961994;-0.29281;0.0961994;-0.29281;0.0961994;-0.29281
7,73E+14;0.0120208;0.0906832;0.0961995;-0.29282;0.0961995;-0.29282;0.0961995;-0.29282
7,75E+14;0.0120961;0.091089;0.0961996;-0.29283;0.0961996;-0.29283;0.0961996;-0.29283
7,76E+14;0.0121716;0.0914943;0.0961997;-0.29284;0.0961997;-0.29284;0.0961997;-0.29284
7,78E+14;0.0122474;0.091899;0.0961998;-0.29285;0.0961998;-0.29285;0.0961998;-0.29285
7,80E+13;0.0123235;0.0923032;0.0961999;-0.29286;0.0961999;-0.29286;0.0961999;-0.29286
7,82E+14;0.0123997;0.0927068;0.0962000;-0.29287;0.0962000;-0.29287;0.0962000;-0.29287
7,84E+14;0.0124763;0.0931099;0.0962001;-0.29288;0.0962001;-0.29288;0.0962001;-0.29288
7,85E+14;0.012553;0.0935125;0.0962002;-0.29289;0.0962002;-0.29289;0.0962002;-0.29289
7,87E+14;0.01263;0.0939145;0.0962003;-0.29290;0.0962003;-0.29290;0.0962003;-0.29290
7,89E+14;0.0127073;0.094316;0.0962004;-0.29291;0.0962004;-0.29291;0.0962004;-0.29291
7,91E+14;0.0127848;0.094717;0.0962005;-0.29292;0.0962005;-0.29292;0.0962005;-0.29292
7,93E+14;0.0128625;0.0951175;0.0962006;-0.29293;0.0962006;-0.29293;0.0962006;-0.29293
7,94E+14;0.0129405;0.0955174;0.0962007;-0.29294;0.0962007;-0.29294;0.0962007;-0.29294
7,96E+14;0.0130187;0.0959168;0.0962008;-0.29295;0.0962008;-0.29295;0.0962008;-0.29295
7,98E+14;0.0130971;0.0963157;0.0962009;-0.29296;0.0962009;-0.29296;0.0962009;-0.29296
8,00E+12;0.0131758;0.0967141;0.0962010;-0.29297;0.0962010;-0.29297;0.0962010;-0.29297
8,02E+14;0.0132547;0.0971119;0.0962011;-0.29298;0.0962011;-0.29298;0.0962011;-0.29298
8,03E+14;0.0133338;0.0975093;0.0962012;-0.29299;0.0962012;-0.29299;0.0962012;-0.29299
8,05E+13;0.0134132;0.0979061;0.0962013;-0.29300;0.0962013;-0.29300;0.0962013;-0.29300
8,07E+14;0.0134928;0.0983025;0.0962014;-0.29301;0.0962014;-0.29301;0.0962014;-0.29301
8,09E+14;0.0135727;0.0986983;0.0962015;-0.29302;0.0962015;-0.29302;0.0962015;-0.29302
8,11E+14;0.0136528;0.0990937;0.0962016;-0.29303;0.0962016;-0.29303;0.0962016;-0.29303
8,12E+14;0.0137331;0.0994885;0.0962017;-0.29304;0.0962017;-0.29304;0.0962017;-0.29304
8,14E+14;0.0138136;0.0998829;0.0962018;-0.29305;0.0962018;-0.29305;0.0962018;-0.29305
8,16E+14;0.0138944;0.100277;0.0962019;-0.29306;0.0962019;-0.29306;0.0962019;-0.29306
8,18E+14;0.0139754;0.10067;0.0962020;-0.29307;0.0962020;-0.29307;0.0962020;-0.29307
8,20E+14;0.0140566;0.101063;0.0962021;-0.29308;0.0962021;-0.29308;0.0962021;-0.29308
8,21E+14;0.0141381;0.101455;0.0962022;-0.29309;0.0962022;-0.29309;0.0962022;-0.29309
8,23E+14;0.0142198;0.101847;0.0962023;-0.29310;0.0962023;-0.29310;0.0962023;-0.29310
8,25E+13;0.0143017;0.102239;0.0962024;-0.29311;0.0962024;-0.29311;0.0962024;-0.29311
8,27E+14;0.0143839;0.10263;0.0962025;-0.29312;0.0962025;-0.29312;0.0962025;-0.29312
8,29E+14;0.0144662;0.10302;0.0962026;-0.29313;0.0962026;-0.29313;0.0962026;-0.29313
8,30E+14;0.0145489;0.10341;0.0962027;-0.29314;0.0962027;-0.29314;0.0962027;-0.29314
8,32E+14;0.0146317;0.1038;0.0962028;-0.29315;0.0962028;-0.29315;0.0962028;-0.29315
8,34E+14;0.0147147;0.104189;0.0962029;-0.29316;0.0962029;-0.29316;0.0962029;-0.29316
8,36E+14;0.014798;0.104578;0.0962030;-0.29317;0.0962030;-0.29317;0.0962030;-0.29317
8,38E+14;0.0148815;0.104966;0.0962031;-0.29318;0.0962031;-0.29318;0.0962031;-0.29318
8,39E+14;0.0149653;0.105354;0.0962032;-0.29319;0.0962032;-0.29319;0.0962032;-0.29319
8,41E+14;0.0150492;0.105741;0.0962033;-0.29320;0.0962033;-0.29320;0.0962033;-0.29320
8,43E+14;0.0151334;0.106128;0.0962034;-0.29321;0.0962034;-0.29321;0.0962034;-0.29321
8,45E+13;0.0152178;0.106514;0.0962035;-0.29322;0.0962035;-0.29322;0.0962035;-0.29322
8,47E+14;0.0153024;0.1069;0.0962036;-0.29323;0.0962036;-0.29323;0.0962036;-0.29323
8,48E+14;0.0153873;0.107285;0.0962037;-0.29324;0.0962037;-0.29324;0.0962037;-0.29324
8,50E+14;0.0154724;0.10767;0.0962038;-0.29325;0.0962038;-0.29325;0.0962038;-0.29325
8,52E+14;0.0155577;0.108055;0.0962039;-0.29326;0.0962039;-0.29326;0.0962039;-0.29326
8,54E+14;0.0156432;0.108439;0.0962040;-0.29327;0.0962040;-0.29327;0.0962040;-0.29327
8,56E+14;0.0157289;0.108823;0.0962041;-0.29328;0.0962041;-0.29328;0.0962041;-0.29328
8,58E+14;0.0158149;0.109206;0.0962042;-0.29329;0.0962042;-0.29329;0.0962042;-0.29329
8,59E+14;0.015901;0.109589;0.0962043;-0.29330;0.0962043;-0.29330;0.0962043;-0.29330
8,61E+14;0.0159874;0.109971;0.0962044;-0.29331;0.0962044;-0.29331;0.0962044;-0.29331
8,63E+14;0.016074;0.110353;0.0962045;-0.29332;0.0962045;-0.29332;0.0962045;-0.29332
8,65E+14;0.0161608;0.110735;0.0962046;-0.29333;0.0962046;-0.29333;0.0962046;-0.29333
8,67E+14;0.0162479;0.111116;0.0962047;-0.29334;0.0962047;-0.29334;0.0962047;-0.29334
8,68E+14;0.0163351;0.111496;0.0962048;-0.29335;0.0962048;-0.29335;0.0962048;-0.29335
8,70E+13;0.0164226;0.111877;0.0962049;-0.29336;0.0962049;-0.29336;0.0962049;-0.29336
8,72E+14;0.0165103;0.112256;0.0962050;-0.29337;0.0962050;-0.29337;0.0962050;-0.29337
8,74E+14;0.0165982;0.112636;0.0962051;-0.29338;0.0962051;-0.29338;0.0962051;-0.29338
8,76E+14;0.0166864;0.113015;0.0962052;-0.29339;0.0962052;-0.29339;0.0962052;-0.29339
8,77E+14;0.0167747;0.113393;0.0962053;-0.29340;0.0962053;-0.29340;0.0962053;-0.29340
8,79E+14;0.0168632;0.113771;0.0962054;-0.29341;0.0962054;-0.29341;0.0962054;-0.29341
8,81E+14;0.016952;0.114149;0.0962055;-0.29342;0.0962055;-0.29342;0.0962055;-0.29342
8,83E+14;0.017041;0.114527;0.0962056;-0.29343;0.0962056;-0.29343;0.0962056;-0.29343
8,85E+14;0.0171302;0.114903;0.0962057;-0.29344;0.0962057;-0.29344;0.0962057;-0.29344
8,86E+14;0.0172196;0.11528;0.0962058;-0.29345;0.0962058;-0.29345;0.0962058;-0.29345
8,88E+14;0.0173092;0.115656;0.0962059;-0.29346;0.0962059;-0.29346;0.0962059;-0.29346
8,90E+13;0.017399;0.116032;0.0962060;-0.29347;0.0962060;-0.29347;0.0962060;-0.29347
8,92E+14;0.0174891;0.116407;0.0962061;-0.29348;0.0962061;-0.29348;0.0962061;-0.29348
8,94E+14;0.0175793;0.116782;0.0962062;-0.29349;0.0962062;-0.29349;0.0962062;-0.29349
8,95E+14;0.0176698;0.117156;0.0962063;-0.29350;0.0962063;-0.29350;0.0962063;-0.29350
8,97E+14;0.0177605;0.117531;0.0962064;-0.29351;0.0962064;-0.29351;0.0962064;-0.29351
8,99E+14;0.0178514;0.117904;0.0962065;-0.29352;0.0962065;-0.29352;0.0962065;-0.29352
9,01E+14;0.0179425;0.118278;0.0962066;-0.29353;0.0962066;-0.29353;0.0962066;-0.29353
9,03E+14;0.0180338;0.118651;0.0962067;-0.29354;0.0962067;-0.29354;0.0962067;-0.29354
9,04E+14;0.0181253;0.119023;0.0962068;-0.29355;0.0962068;-0.29355;0.0962068;-0.29355
9,06E+14;0.018217;0.119395;0.0962069;-0.29356;0.0962069;-0.29356;0.0962069;-0.29356
9,08E+14;0.0183089;0.119767;0.0962070;-0.29357;0.0962070;-0.29357;0.0962070;-0.29357
9,10E+13;0.0184011;0.120138;0.0962071;-0.29358;0.0962071;-0.29358;0.0962071;-0.29358
9,12E+14;0.0184934;0.120509;0.0962072;-0.29359;0.0962072;-0.29359;0.0962072;-0.29359
9,13E+14;0.018586;0.12088;0.0962073;-0.29360;0.0962073;-0.29360;0.0962073;-0.29360
9,15E+13;0.0186787;0.12125;0.0962074;-0.29361;0.0962074;-0.29361;0.0962074;-0.29361
9,17E+14;0.0187717;0.12162;0.0962075;-0.29362;0.0962075;-0.29362;0.0962075;-0.29362
9,19E+14;0.0188649;0.121989;0.0962076;-0.29363;0.0962076;-0.29363;0.0962076;-0.29363
9,21E+14;0.0189582;0.122359;0.0962077;-0.29364;0.0962077;-0.29364;0.0962077;-0.29364
9,22E+14;0.0190518;0.122727;0.0962078;-0.29365;0.0962078;-0.29365;0.0962078;-0.29365
9,24E+14;0.0191456;0.123096;0.0962079;-0.29366;0.0962079;-0.29366;0.0962079;-0.29366
9,26E+14;0.0192396;0.123464;0.0962080;-0.29367;0.0962080;-0.29367;0.0962080;-0.29367
9,28E+14;0.0193338;0.123831;0.0962081;-0.29368;0.0962081;-0.29368;0.0962081;-0.29368
9,30E+14;0.0194282;0.124199;0.0962082;-0.29369;0.0962082;-0.29369;0.0962082;-0.29369
9,31E+14;0.0195228;0.124565;0.0962083;-0.29370;0.0962083;-0.29370;0.0962083;-0.29370
9,33E+14;0.0196176;0.124932;0.0962084;-0.29371;0.0962084;-0.29371;0.0962084;-0.29371
9,35E+13;0.0197126;0.125298;0.0962085;-0.29372;0.0962085;-0.29372;0.0962085;-0.29372
9,37E+14;0.0198078;0.125664;0.0962086;-0.29373;0.0962086;-0.29373;0.0962086;-0.29373
9,39E+14;0.0199032;0.126029;0.0962087;-0.29374;0.0962087;-0.29374;0.0962087;-0.29374
9,40E+14;0.0199988;0.126394;0.0962088;-0.29375;0.0962088;-0.29375;0.0962088;-0.29375
9,42E+14;0.0200946;0.126759;0.0962089;-0.29376;0.0962089;-0.29376;0.0962089;-0.29376
9,44E+14;0.0201906;0.127123;0.0962090;-0.29377;0.0962090;-0.29377;0.0962090;-0.29377
9,46E+14;0.0202869;0.127487;0.0962091;-0.29378;0.0962091;-0.29378;0.0962091;-0.29378
9,48E+14;0.0203833;0.127851;0.0962092;-0.29379;0.0962092;-0.29379;0.0962092;-0.29379
9,49E+14;0.0204799;0.128214;0.0962093;-0.29380;0.0962093;-0.29380;0.0962093;-0.29380
9,51E+14;0.0205767;0.128577;0.0962094;-0.29381;0.0962094;-0.29381;0.0962094;-0.29381
9,53E+14;0.0206737;0.12894;0.0962095;-0.29382;0.0962095;-0.29382;0.0962095;-0.29382
9,55E+13;0.0207709;0.129302;0.0962096;-0.29383;0.0962096;-0.29383;0.0962096;-0.29383
9,57E+14;0.0208684;0.129664;0.0962097;-0.29384;0.0962097;-0.29384;0.0962097;-0.29384
9,59E+14;0.020966;0.130026;0.0962098;-0.29385;0.0962098;-0.29385;0.0962098;-0.29385
9,60E+14;0.0210638;0.130387;0.0962099;-0.29386;0.0962099;-0.29386;0.0962099;-0.29386
9,62E+14;0.0211618;0.130748;0.0962100;-0.29387;0.0962100;-0.29387;0.0962100;-0.29387
9,64E+14;0.02126;0.131108;0.0962101;-0.29388;0.0962101;-0.29388;0.0962101;-0.29388
9,66E+14;0.0213584;0.131468;0.0962102;-0.29389;0.0962102;-0.29389;0.0962102;-0.29389
9,68E+14;0.021457;0.131828;0.0962103;-0.29390;0.0962103;-0.29390;0.0962103;-0.29390
9,69E+14;0.0215558;0.132188;0.0962104;-0.29391;0.0962104;-0.29391;0.0962104;-0.29391
9,71E+14;0.0216548;0.132547;0.0962105;-0.29392;0.0962105;-0.29392;0.0962105;-0.29392
9,73E+14;0.021754;0.132906;0.0962106;-0.29393;0.0962106;-0.29393;0.0962106;-0.29393
9,75E+14;0.0218533;0.133264;0.0962107;-0.29394;0.0962107;-0.29394;0.0962107;-0.29394
9,77E+14;0.0219529;0.133622;0.0962108;-0.29395;0.0962108;-0.29395;0.0962108;-0.29395
9,78E+14;0.0220527;0.13398;0.0962109;-0.29396;0.0962109;-0.29396;0.0962109;-0.29396
9,80E+13;0.0221527;0.134337;0.0962110;-0.29397;0.0962110;-0.29397;0.0962110;-0.29397
9,82E+14;0.0222528;0.134695;0.0962111;-0.29398;0.0962111;-0.29398;0.0962111;-0.29398
9,84E+14;0.0223532;0.135051;0.0962112;-0.29399;0.0962112;-0.29399;0.0962112;-0.29399
9,86E+14;0.0224537;0.135408;0.0962113;-0.29400;0.0962113;-0.29400;0.0962113;-0.29400
9,87E+14;0.0225545;0.135764;0.0962114;-0.29401;0.0962114;-0.29401;0.0962114;-0.29401
9,89E+14;0.0226554;0.13612;0.0962115;-0.29402;0.0962115;-0.29402;0.0962115;-0.29402
9,91E+14;0.0227566;0.136475;0.0962116;-0.29403;0.0962116;-0.29403;0.0962116;-0.29403
9,93E+14;0.0228579;0.136831;0.0962117;-0.29404;0.0962117;-0.29404;0.0962117;-0.29404
9,95E+14;0.0229594;0.137186;0.0962118;-0.29405;0.0962118;-0.29405;0.0962118;-0.29405
9,96E+14;0.0230611;0.13754;0.0962119;-0.29406;0.0962119;-0.29406;0.0962119;-0.29406
9,98E+14;0.023163;0.137894;0.0962120;-0.29407;0.0962120;-0.29407;0.0962120;-0.29407
1,00E+10;0.0232651;0.138248;0.0962121;-0.29408;0.0962121;-0.29408;0.0962121;-0.29408
