"acfrequency";"r Z";"i Z"
5e+07;1.3559;1.04474
5.01153e+07;1.356;1.04715
5.02308e+07;1.35611;1.04956
5.03466e+07;1.35621;1.05198
5.04627e+07;1.35632;1.0544
5.0579e+07;1.35642;1.05683
5.06956e+07;1.35653;1.05927
5.08125e+07;1.35664;1.06171
5.09296e+07;1.35674;1.06415
5.1047e+07;1.35685;1.06661
5.11647e+07;1.35696;1.06906
5.12826e+07;1.35707;1.07153
5.14008e+07;1.35718;1.074
5.15193e+07;1.35729;1.07647
5.16381e+07;1.3574;1.07895
5.17571e+07;1.35751;1.08144
5.18765e+07;1.35762;1.08393
5.19961e+07;1.35773;1.08643
5.21159e+07;1.35784;1.08893
5.22361e+07;1.35795;1.09144
5.23565e+07;1.35807;1.09395
5.24772e+07;1.35818;1.09647
5.25982e+07;1.35829;1.099
5.27194e+07;1.35841;1.10153
5.28409e+07;1.35852;1.10407
5.29628e+07;1.35864;1.10661
5.30849e+07;1.35876;1.10916
5.32072e+07;1.35887;1.11172
5.33299e+07;1.35899;1.11428
5.34528e+07;1.35911;1.11685
5.35761e+07;1.35923;1.11942
5.36996e+07;1.35934;1.122
5.38234e+07;1.35946;1.12458
5.39474e+07;1.35958;1.12718
5.40718e+07;1.3597;1.12977
5.41964e+07;1.35983;1.13238
5.43214e+07;1.35995;1.13498
5.44466e+07;1.36007;1.1376
5.45721e+07;1.36019;1.14022
5.46979e+07;1.36032;1.14285
5.4824e+07;1.36044;1.14548
5.49504e+07;1.36056;1.14812
5.50771e+07;1.36069;1.15076
5.52041e+07;1.36081;1.15342
5.53313e+07;1.36094;1.15607
5.54589e+07;1.36107;1.15874
5.55867e+07;1.3612;1.16141
5.57149e+07;1.36132;1.16408
5.58433e+07;1.36145;1.16676
5.5972e+07;1.36158;1.16945
5.61011e+07;1.36171;1.17215
5.62304e+07;1.36184;1.17485
5.636e+07;1.36197;1.17755
5.649e+07;1.3621;1.18027
5.66202e+07;1.36224;1.18299
5.67507e+07;1.36237;1.18571
5.68815e+07;1.3625;1.18844
5.70127e+07;1.36264;1.19118
5.71441e+07;1.36277;1.19392
5.72758e+07;1.36291;1.19668
5.74079e+07;1.36304;1.19943
5.75402e+07;1.36318;1.2022
5.76729e+07;1.36332;1.20496
5.78058e+07;1.36345;1.20774
5.79391e+07;1.36359;1.21052
5.80726e+07;1.36373;1.21331
5.82065e+07;1.36387;1.21611
5.83407e+07;1.36401;1.21891
5.84752e+07;1.36415;1.22172
5.861e+07;1.36429;1.22453
5.87451e+07;1.36444;1.22735
5.88805e+07;1.36458;1.23018
5.90163e+07;1.36472;1.23301
5.91523e+07;1.36487;1.23585
5.92887e+07;1.36501;1.2387
5.94253e+07;1.36516;1.24155
5.95623e+07;1.3653;1.24441
5.96996e+07;1.36545;1.24728
5.98373e+07;1.3656;1.25016
5.99752e+07;1.36575;1.25303
6.01135e+07;1.3659;1.25592
6.02521e+07;1.36605;1.25881
6.0391e+07;1.3662;1.26171
6.05302e+07;1.36635;1.26462
6.06697e+07;1.3665;1.26753
6.08096e+07;1.36665;1.27045
6.09498e+07;1.3668;1.27338
6.10903e+07;1.36696;1.27631
6.12311e+07;1.36711;1.27925
6.13723e+07;1.36727;1.2822
6.15137e+07;1.36742;1.28515
6.16555e+07;1.36758;1.28812
6.17977e+07;1.36774;1.29108
6.19401e+07;1.3679;1.29406
6.20829e+07;1.36806;1.29704
6.2226e+07;1.36822;1.30003
6.23695e+07;1.36838;1.30302
6.25133e+07;1.36854;1.30602
6.26574e+07;1.3687;1.30903
6.28018e+07;1.36886;1.31205
6.29466e+07;1.36902;1.31507
6.30917e+07;1.36919;1.3181
6.32372e+07;1.36935;1.32113
6.33829e+07;1.36952;1.32418
6.35291e+07;1.36969;1.32723
6.36755e+07;1.36985;1.33028
6.38223e+07;1.37002;1.33335
6.39694e+07;1.37019;1.33642
6.41169e+07;1.37036;1.3395
6.42647e+07;1.37053;1.34258
6.44129e+07;1.3707;1.34568
6.45613e+07;1.37087;1.34877
6.47102e+07;1.37105;1.35188
6.48594e+07;1.37122;1.355
6.50089e+07;1.37139;1.35812
6.51587e+07;1.37157;1.36124
6.53089e+07;1.37174;1.36438
6.54595e+07;1.37192;1.36752
6.56104e+07;1.3721;1.37067
6.57617e+07;1.37228;1.37383
6.59133e+07;1.37246;1.37699
6.60652e+07;1.37264;1.38017
6.62175e+07;1.37282;1.38334
6.63702e+07;1.373;1.38653
6.65232e+07;1.37318;1.38972
6.66765e+07;1.37336;1.39293
6.68302e+07;1.37355;1.39613
6.69843e+07;1.37373;1.39935
6.71387e+07;1.37392;1.40257
6.72935e+07;1.37411;1.4058
6.74486e+07;1.37429;1.40904
6.76041e+07;1.37448;1.41229
6.77599e+07;1.37467;1.41554
6.79162e+07;1.37486;1.4188
6.80727e+07;1.37505;1.42207
6.82296e+07;1.37524;1.42534
6.83869e+07;1.37544;1.42863
6.85446e+07;1.37563;1.43192
6.87026e+07;1.37583;1.43521
6.8861e+07;1.37602;1.43852
6.90197e+07;1.37622;1.44183
6.91788e+07;1.37641;1.44515
6.93383e+07;1.37661;1.44848
6.94982e+07;1.37681;1.45182
6.96584e+07;1.37701;1.45516
6.9819e+07;1.37721;1.45851
6.99799e+07;1.37742;1.46187
7.01412e+07;1.37762;1.46524
7.03029e+07;1.37782;1.46861
7.0465e+07;1.37803;1.47199
7.06274e+07;1.37823;1.47538
7.07903e+07;1.37844;1.47878
7.09534e+07;1.37865;1.48219
7.1117e+07;1.37886;1.4856
7.1281e+07;1.37906;1.48902
7.14453e+07;1.37928;1.49245
7.161e+07;1.37949;1.49589
7.17751e+07;1.3797;1.49933
7.19405e+07;1.37991;1.50279
7.21064e+07;1.38013;1.50625
7.22726e+07;1.38034;1.50972
7.24392e+07;1.38056;1.51319
7.26062e+07;1.38078;1.51668
7.27736e+07;1.38099;1.52017
7.29413e+07;1.38121;1.52367
7.31095e+07;1.38143;1.52718
7.3278e+07;1.38166;1.5307
7.3447e+07;1.38188;1.53422
7.36163e+07;1.3821;1.53776
7.3786e+07;1.38233;1.5413
7.39561e+07;1.38255;1.54485
7.41266e+07;1.38278;1.5484
7.42975e+07;1.38301;1.55197
7.44687e+07;1.38323;1.55554
7.46404e+07;1.38346;1.55912
7.48125e+07;1.38369;1.56272
7.49849e+07;1.38393;1.56631
7.51578e+07;1.38416;1.56992
7.53311e+07;1.38439;1.57354
7.55047e+07;1.38463;1.57716
7.56788e+07;1.38486;1.58079
7.58532e+07;1.3851;1.58443
7.60281e+07;1.38534;1.58808
7.62034e+07;1.38558;1.59174
7.6379e+07;1.38582;1.5954
7.65551e+07;1.38606;1.59907
7.67316e+07;1.3863;1.60276
7.69085e+07;1.38655;1.60645
7.70858e+07;1.38679;1.61015
7.72635e+07;1.38704;1.61385
7.74416e+07;1.38729;1.61757
7.76201e+07;1.38754;1.62129
7.77991e+07;1.38779;1.62503
7.79784e+07;1.38804;1.62877
7.81582e+07;1.38829;1.63252
7.83384e+07;1.38854;1.63628
7.8519e+07;1.3888;1.64005
7.87e+07;1.38905;1.64382
7.88814e+07;1.38931;1.64761
7.90632e+07;1.38956;1.6514
7.92455e+07;1.38982;1.6552
7.94282e+07;1.39008;1.65901
7.96113e+07;1.39035;1.66283
7.97948e+07;1.39061;1.66666
7.99788e+07;1.39087;1.6705
8.01631e+07;1.39114;1.67435
8.03479e+07;1.3914;1.6782
8.05332e+07;1.39167;1.68206
8.07188e+07;1.39194;1.68594
8.09049e+07;1.39221;1.68982
8.10914e+07;1.39248;1.69371
8.12783e+07;1.39275;1.69761
8.14657e+07;1.39303;1.70152
8.16535e+07;1.3933;1.70543
8.18418e+07;1.39358;1.70936
8.20304e+07;1.39385;1.7133
8.22195e+07;1.39413;1.71724
8.24091e+07;1.39441;1.72119
8.2599e+07;1.39469;1.72516
8.27895e+07;1.39498;1.72913
8.29803e+07;1.39526;1.73311
8.31716e+07;1.39555;1.7371
8.33633e+07;1.39583;1.7411
8.35555e+07;1.39612;1.74511
8.37481e+07;1.39641;1.74912
8.39412e+07;1.3967;1.75315
8.41347e+07;1.39699;1.75719
8.43287e+07;1.39729;1.76123
8.45231e+07;1.39758;1.76528
8.47179e+07;1.39788;1.76935
8.49132e+07;1.39817;1.77342
8.5109e+07;1.39847;1.7775
8.53052e+07;1.39877;1.7816
8.55018e+07;1.39907;1.7857
8.56989e+07;1.39938;1.78981
8.58965e+07;1.39968;1.79393
8.60945e+07;1.39999;1.79806
8.6293e+07;1.40029;1.8022
8.64919e+07;1.4006;1.80634
8.66913e+07;1.40091;1.8105
8.68911e+07;1.40122;1.81467
8.70915e+07;1.40154;1.81885
8.72922e+07;1.40185;1.82303
8.74935e+07;1.40217;1.82723
8.76952e+07;1.40248;1.83144
8.78973e+07;1.4028;1.83565
8.81e+07;1.40312;1.83988
8.8303e+07;1.40344;1.84411
8.85066e+07;1.40377;1.84836
8.87106e+07;1.40409;1.85261
8.89152e+07;1.40442;1.85688
8.91201e+07;1.40474;1.86115
8.93256e+07;1.40507;1.86543
8.95315e+07;1.4054;1.86973
8.97379e+07;1.40573;1.87403
8.99448e+07;1.40607;1.87834
9.01521e+07;1.4064;1.88267
9.03599e+07;1.40674;1.887
9.05682e+07;1.40708;1.89134
9.0777e+07;1.40742;1.8957
9.09863e+07;1.40776;1.90006
9.1196e+07;1.4081;1.90443
9.14063e+07;1.40845;1.90881
9.1617e+07;1.40879;1.91321
9.18282e+07;1.40914;1.91761
9.20399e+07;1.40949;1.92202
9.22521e+07;1.40984;1.92645
9.24647e+07;1.41019;1.93088
9.26779e+07;1.41055;1.93532
9.28915e+07;1.4109;1.93978
9.31057e+07;1.41126;1.94424
9.33203e+07;1.41162;1.94872
9.35355e+07;1.41198;1.9532
9.37511e+07;1.41234;1.9577
9.39672e+07;1.41271;1.9622
9.41838e+07;1.41307;1.96672
9.4401e+07;1.41344;1.97124
9.46186e+07;1.41381;1.97578
9.48367e+07;1.41418;1.98033
9.50553e+07;1.41455;1.98488
9.52745e+07;1.41493;1.98945
9.54941e+07;1.4153;1.99403
9.57142e+07;1.41568;1.99862
9.59349e+07;1.41606;2.00322
9.6156e+07;1.41644;2.00783
9.63777e+07;1.41682;2.01245
9.65999e+07;1.41721;2.01708
9.68226e+07;1.4176;2.02172
9.70458e+07;1.41798;2.02637
9.72695e+07;1.41837;2.03103
9.74937e+07;1.41877;2.03571
9.77185e+07;1.41916;2.04039
9.79438e+07;1.41955;2.04509
9.81695e+07;1.41995;2.04979
9.83959e+07;1.42035;2.05451
9.86227e+07;1.42075;2.05923
9.885e+07;1.42116;2.06397
9.90779e+07;1.42156;2.06872
9.93063e+07;1.42197;2.07348
9.95352e+07;1.42238;2.07825
9.97647e+07;1.42279;2.08303
9.99947e+07;1.4232;2.08783
1.00225e+08;1.42361;2.09263
1.00456e+08;1.42403;2.09744
1.00688e+08;1.42445;2.10227
1.0092e+08;1.42487;2.10711
1.01153e+08;1.42529;2.11195
1.01386e+08;1.42571;2.11681
1.0162e+08;1.42614;2.12168
1.01854e+08;1.42656;2.12656
1.02089e+08;1.42699;2.13146
1.02324e+08;1.42743;2.13636
1.0256e+08;1.42786;2.14127
1.02796e+08;1.4283;2.1462
1.03033e+08;1.42873;2.15114
1.03271e+08;1.42917;2.15609
1.03509e+08;1.42961;2.16105
1.03747e+08;1.43006;2.16602
1.03987e+08;1.4305;2.171
1.04226e+08;1.43095;2.17599
1.04467e+08;1.4314;2.181
1.04707e+08;1.43185;2.18602
1.04949e+08;1.43231;2.19104
1.05191e+08;1.43276;2.19608
1.05433e+08;1.43322;2.20114
1.05676e+08;1.43368;2.2062
1.0592e+08;1.43415;2.21127
1.06164e+08;1.43461;2.21636
1.06409e+08;1.43508;2.22146
1.06654e+08;1.43555;2.22657
1.069e+08;1.43602;2.23169
1.07146e+08;1.43649;2.23682
1.07393e+08;1.43697;2.24197
1.07641e+08;1.43744;2.24712
1.07889e+08;1.43792;2.25229
1.08138e+08;1.43841;2.25747
1.08387e+08;1.43889;2.26266
1.08637e+08;1.43938;2.26787
1.08887e+08;1.43987;2.27308
1.09138e+08;1.44036;2.27831
1.0939e+08;1.44085;2.28355
1.09642e+08;1.44135;2.2888
1.09895e+08;1.44184;2.29407
1.10148e+08;1.44234;2.29934
1.10402e+08;1.44285;2.30463
1.10657e+08;1.44335;2.30993
1.10912e+08;1.44386;2.31524
1.11168e+08;1.44437;2.32057
1.11424e+08;1.44488;2.3259
1.11681e+08;1.44539;2.33125
1.11938e+08;1.44591;2.33661
1.12196e+08;1.44643;2.34199
1.12455e+08;1.44695;2.34737
1.12714e+08;1.44747;2.35277
1.12974e+08;1.448;2.35818
1.13234e+08;1.44853;2.3636
1.13495e+08;1.44906;2.36904
1.13757e+08;1.44959;2.37448
1.14019e+08;1.45013;2.37994
1.14282e+08;1.45067;2.38542
1.14546e+08;1.45121;2.3909
1.1481e+08;1.45175;2.3964
1.15074e+08;1.4523;2.40191
1.1534e+08;1.45285;2.40743
1.15605e+08;1.4534;2.41297
1.15872e+08;1.45395;2.41852
1.16139e+08;1.45451;2.42408
1.16407e+08;1.45507;2.42965
1.16675e+08;1.45563;2.43523
1.16944e+08;1.45619;2.44083
1.17214e+08;1.45676;2.44645
1.17484e+08;1.45733;2.45207
1.17755e+08;1.4579;2.45771
1.18026e+08;1.45847;2.46336
1.18298e+08;1.45905;2.46902
1.18571e+08;1.45963;2.4747
1.18844e+08;1.46021;2.48039
1.19118e+08;1.4608;2.48609
1.19393e+08;1.46138;2.4918
1.19668e+08;1.46197;2.49753
1.19944e+08;1.46257;2.50327
1.20221e+08;1.46316;2.50903
1.20498e+08;1.46376;2.51479
1.20775e+08;1.46436;2.52057
1.21054e+08;1.46497;2.52637
1.21333e+08;1.46557;2.53217
1.21613e+08;1.46618;2.538
1.21893e+08;1.4668;2.54383
1.22174e+08;1.46741;2.54968
1.22456e+08;1.46803;2.55554
1.22738e+08;1.46865;2.56141
1.23021e+08;1.46927;2.5673
1.23305e+08;1.4699;2.5732
1.23589e+08;1.47053;2.57911
1.23874e+08;1.47116;2.58504
1.24159e+08;1.4718;2.59098
1.24445e+08;1.47244;2.59694
1.24732e+08;1.47308;2.6029
1.2502e+08;1.47372;2.60889
1.25308e+08;1.47437;2.61488
1.25597e+08;1.47502;2.62089
1.25887e+08;1.47567;2.62691
1.26177e+08;1.47633;2.63295
1.26468e+08;1.47699;2.639
1.26759e+08;1.47765;2.64507
1.27051e+08;1.47832;2.65114
1.27344e+08;1.47899;2.65724
1.27638e+08;1.47966;2.66334
1.27932e+08;1.48033;2.66946
1.28227e+08;1.48101;2.6756
1.28523e+08;1.48169;2.68174
1.28819e+08;1.48237;2.68791
1.29116e+08;1.48306;2.69408
1.29413e+08;1.48375;2.70027
1.29712e+08;1.48445;2.70648
1.30011e+08;1.48514;2.71269
1.30311e+08;1.48584;2.71893
1.30611e+08;1.48655;2.72517
1.30912e+08;1.48725;2.73143
1.31214e+08;1.48796;2.73771
1.31516e+08;1.48867;2.744
1.3182e+08;1.48939;2.7503
1.32123e+08;1.49011;2.75662
1.32428e+08;1.49083;2.76295
1.32733e+08;1.49156;2.7693
1.33039e+08;1.49229;2.77566
1.33346e+08;1.49302;2.78204
1.33653e+08;1.49376;2.78843
1.33961e+08;1.4945;2.79484
1.3427e+08;1.49524;2.80126
1.3458e+08;1.49599;2.80769
1.3489e+08;1.49674;2.81414
1.35201e+08;1.49749;2.8206
1.35513e+08;1.49825;2.82708
1.35825e+08;1.49901;2.83358
1.36138e+08;1.49977;2.84008
1.36452e+08;1.50054;2.84661
1.36767e+08;1.50131;2.85315
1.37082e+08;1.50209;2.8597
1.37398e+08;1.50286;2.86627
1.37715e+08;1.50365;2.87285
1.38032e+08;1.50443;2.87945
1.3835e+08;1.50522;2.88606
1.38669e+08;1.50601;2.89269
1.38989e+08;1.50681;2.89933
1.39309e+08;1.50761;2.90599
1.3963e+08;1.50841;2.91266
1.39952e+08;1.50922;2.91935
1.40275e+08;1.51003;2.92606
1.40598e+08;1.51085;2.93277
1.40923e+08;1.51166;2.93951
1.41247e+08;1.51249;2.94626
1.41573e+08;1.51331;2.95302
1.41899e+08;1.51414;2.9598
1.42226e+08;1.51498;2.9666
1.42554e+08;1.51581;2.97341
1.42883e+08;1.51666;2.98024
1.43212e+08;1.5175;2.98708
1.43543e+08;1.51835;2.99394
1.43873e+08;1.5192;3.00081
1.44205e+08;1.52006;3.0077
1.44538e+08;1.52092;3.01461
1.44871e+08;1.52179;3.02153
1.45205e+08;1.52266;3.02846
1.45539e+08;1.52353;3.03542
1.45875e+08;1.52441;3.04238
1.46211e+08;1.52529;3.04937
1.46548e+08;1.52617;3.05637
1.46886e+08;1.52706;3.06338
1.47225e+08;1.52796;3.07042
1.47564e+08;1.52885;3.07746
1.47904e+08;1.52975;3.08453
1.48245e+08;1.53066;3.09161
1.48587e+08;1.53157;3.0987
1.4893e+08;1.53248;3.10582
1.49273e+08;1.5334;3.11294
1.49617e+08;1.53433;3.12009
1.49962e+08;1.53525;3.12725
1.50308e+08;1.53618;3.13443
1.50654e+08;1.53712;3.14162
1.51001e+08;1.53806;3.14883
1.5135e+08;1.539;3.15605
1.51698e+08;1.53995;3.1633
1.52048e+08;1.5409;3.17056
1.52399e+08;1.54186;3.17783
1.5275e+08;1.54282;3.18512
1.53102e+08;1.54379;3.19243
1.53455e+08;1.54476;3.19976
1.53809e+08;1.54574;3.2071
1.54163e+08;1.54671;3.21446
1.54519e+08;1.5477;3.22183
1.54875e+08;1.54869;3.22923
1.55232e+08;1.54968;3.23663
1.5559e+08;1.55068;3.24406
1.55949e+08;1.55168;3.2515
1.56308e+08;1.55269;3.25896
1.56668e+08;1.5537;3.26644
1.5703e+08;1.55472;3.27393
1.57392e+08;1.55574;3.28144
1.57754e+08;1.55676;3.28897
1.58118e+08;1.55779;3.29651
1.58483e+08;1.55883;3.30408
1.58848e+08;1.55987;3.31165
1.59214e+08;1.56091;3.31925
1.59581e+08;1.56196;3.32686
1.59949e+08;1.56302;3.33449
1.60318e+08;1.56408;3.34214
1.60687e+08;1.56514;3.34981
1.61058e+08;1.56621;3.35749
1.61429e+08;1.56728;3.36519
1.61801e+08;1.56836;3.37291
1.62174e+08;1.56945;3.38064
1.62548e+08;1.57053;3.3884
1.62923e+08;1.57163;3.39617
1.63298e+08;1.57273;3.40395
1.63675e+08;1.57383;3.41176
1.64052e+08;1.57494;3.41958
1.6443e+08;1.57605;3.42742
1.64809e+08;1.57717;3.43528
1.65189e+08;1.5783;3.44316
1.6557e+08;1.57943;3.45105
1.65952e+08;1.58056;3.45897
1.66334e+08;1.5817;3.4669
1.66718e+08;1.58285;3.47484
1.67102e+08;1.584;3.48281
1.67487e+08;1.58516;3.4908
1.67873e+08;1.58632;3.4988
1.6826e+08;1.58748;3.50682
1.68648e+08;1.58866;3.51486
1.69037e+08;1.58983;3.52291
1.69427e+08;1.59102;3.53099
1.69817e+08;1.5922;3.53908
1.70209e+08;1.5934;3.54719
1.70601e+08;1.5946;3.55532
1.70995e+08;1.5958;3.56347
1.71389e+08;1.59701;3.57164
1.71784e+08;1.59823;3.57983
1.7218e+08;1.59945;3.58803
1.72577e+08;1.60068;3.59625
1.72975e+08;1.60191;3.60449
1.73373e+08;1.60315;3.61275
1.73773e+08;1.60439;3.62103
1.74174e+08;1.60564;3.62933
1.74575e+08;1.6069;3.63765
1.74978e+08;1.60816;3.64598
1.75381e+08;1.60943;3.65434
1.75785e+08;1.6107;3.66271
1.76191e+08;1.61198;3.6711
1.76597e+08;1.61327;3.67951
1.77004e+08;1.61456;3.68794
1.77412e+08;1.61585;3.69639
1.77821e+08;1.61716;3.70486
1.78231e+08;1.61847;3.71334
1.78642e+08;1.61978;3.72185
1.79053e+08;1.6211;3.73038
1.79466e+08;1.62243;3.73892
1.7988e+08;1.62376;3.74748
1.80295e+08;1.6251;3.75607
1.8071e+08;1.62645;3.76467
1.81127e+08;1.6278;3.77329
1.81544e+08;1.62916;3.78193
1.81963e+08;1.63052;3.7906
1.82382e+08;1.63189;3.79928
1.82803e+08;1.63327;3.80798
1.83224e+08;1.63465;3.8167
1.83647e+08;1.63604;3.82544
1.8407e+08;1.63744;3.8342
1.84494e+08;1.63884;3.84298
1.8492e+08;1.64025;3.85177
1.85346e+08;1.64167;3.86059
1.85773e+08;1.64309;3.86943
1.86201e+08;1.64452;3.87829
1.86631e+08;1.64595;3.88717
1.87061e+08;1.64739;3.89607
1.87492e+08;1.64884;3.90499
1.87924e+08;1.6503;3.91393
1.88358e+08;1.65176;3.92289
1.88792e+08;1.65323;3.93187
1.89227e+08;1.6547;3.94087
1.89663e+08;1.65618;3.94989
1.90101e+08;1.65767;3.95893
1.90539e+08;1.65917;3.96799
1.90978e+08;1.66067;3.97707
1.91418e+08;1.66218;3.98617
1.9186e+08;1.6637;3.99529
1.92302e+08;1.66522;4.00444
1.92745e+08;1.66675;4.0136
1.9319e+08;1.66829;4.02278
1.93635e+08;1.66984;4.03199
1.94081e+08;1.67139;4.04121
1.94529e+08;1.67295;4.05046
1.94977e+08;1.67451;4.05973
1.95427e+08;1.67609;4.06901
1.95877e+08;1.67767;4.07832
1.96329e+08;1.67925;4.08765
1.96781e+08;1.68085;4.097
1.97235e+08;1.68245;4.10638
1.9769e+08;1.68406;4.11577
1.98145e+08;1.68568;4.12518
1.98602e+08;1.68731;4.13462
1.9906e+08;1.68894;4.14408
1.99519e+08;1.69058;4.15355
1.99979e+08;1.69223;4.16305
2.0044e+08;1.69388;4.17257
2.00902e+08;1.69554;4.18211
2.01365e+08;1.69721;4.19168
2.01829e+08;1.69889;4.20126
2.02294e+08;1.70058;4.21087
2.02761e+08;1.70227;4.2205
2.03228e+08;1.70397;4.23015
2.03697e+08;1.70568;4.23982
2.04166e+08;1.7074;4.24951
2.04637e+08;1.70912;4.25923
2.05109e+08;1.71086;4.26896
2.05582e+08;1.7126;4.27872
2.06055e+08;1.71435;4.2885
2.06531e+08;1.7161;4.29831
2.07007e+08;1.71787;4.30813
2.07484e+08;1.71964;4.31798
2.07962e+08;1.72142;4.32785
2.08442e+08;1.72321;4.33774
2.08922e+08;1.72501;4.34765
2.09404e+08;1.72682;4.35758
2.09886e+08;1.72863;4.36754
2.1037e+08;1.73046;4.37752
2.10855e+08;1.73229;4.38752
2.11341e+08;1.73413;4.39755
2.11829e+08;1.73598;4.4076
2.12317e+08;1.73783;4.41767
2.12806e+08;1.7397;4.42776
2.13297e+08;1.74157;4.43787
2.13789e+08;1.74346;4.44801
2.14281e+08;1.74535;4.45817
2.14775e+08;1.74725;4.46836
2.15271e+08;1.74916;4.47856
2.15767e+08;1.75107;4.48879
2.16264e+08;1.753;4.49904
2.16763e+08;1.75493;4.50932
2.17262e+08;1.75688;4.51961
2.17763e+08;1.75883;4.52994
2.18265e+08;1.76079;4.54028
2.18768e+08;1.76277;4.55065
2.19273e+08;1.76475;4.56104
2.19778e+08;1.76674;4.57145
2.20285e+08;1.76873;4.58189
2.20793e+08;1.77074;4.59235
2.21302e+08;1.77276;4.60283
2.21812e+08;1.77479;4.61334
2.22323e+08;1.77682;4.62387
2.22836e+08;1.77887;4.63442
2.2335e+08;1.78092;4.645
2.23864e+08;1.78299;4.6556
2.2438e+08;1.78506;4.66623
2.24898e+08;1.78714;4.67688
2.25416e+08;1.78923;4.68755
2.25936e+08;1.79134;4.69824
2.26457e+08;1.79345;4.70897
2.26979e+08;1.79557;4.71971
2.27502e+08;1.7977;4.73048
2.28026e+08;1.79984;4.74127
2.28552e+08;1.802;4.75209
2.29079e+08;1.80416;4.76293
2.29607e+08;1.80633;4.77379
2.30136e+08;1.80851;4.78468
2.30667e+08;1.8107;4.79559
2.31199e+08;1.8129;4.80653
2.31732e+08;1.81511;4.81749
2.32266e+08;1.81733;4.82848
2.32801e+08;1.81957;4.83949
2.33338e+08;1.82181;4.85053
2.33876e+08;1.82406;4.86159
2.34415e+08;1.82632;4.87267
2.34955e+08;1.8286;4.88378
2.35497e+08;1.83088;4.89492
2.3604e+08;1.83318;4.90607
2.36584e+08;1.83548;4.91726
2.3713e+08;1.8378;4.92847
2.37676e+08;1.84012;4.9397
2.38224e+08;1.84246;4.95096
2.38773e+08;1.84481;4.96224
2.39324e+08;1.84717;4.97355
2.39875e+08;1.84953;4.98489
2.40428e+08;1.85192;4.99625
2.40983e+08;1.85431;5.00763
2.41538e+08;1.85671;5.01904
2.42095e+08;1.85912;5.03048
2.42653e+08;1.86155;5.04194
2.43212e+08;1.86398;5.05342
2.43773e+08;1.86643;5.06493
2.44335e+08;1.86889;5.07647
2.44898e+08;1.87136;5.08803
2.45463e+08;1.87384;5.09962
2.46029e+08;1.87633;5.11124
2.46596e+08;1.87883;5.12288
2.47164e+08;1.88135;5.13454
2.47734e+08;1.88388;5.14624
2.48305e+08;1.88641;5.15795
2.48878e+08;1.88896;5.1697
2.49451e+08;1.89153;5.18147
2.50027e+08;1.8941;5.19326
2.50603e+08;1.89669;5.20508
2.51181e+08;1.89928;5.21693
2.5176e+08;1.90189;5.22881
2.5234e+08;1.90452;5.24071
2.52922e+08;1.90715;5.25264
2.53505e+08;1.90979;5.26459
2.54089e+08;1.91245;5.27657
2.54675e+08;1.91512;5.28858
2.55262e+08;1.91781;5.30061
2.55851e+08;1.9205;5.31267
2.5644e+08;1.92321;5.32476
2.57032e+08;1.92593;5.33687
2.57624e+08;1.92866;5.34901
2.58218e+08;1.9314;5.36118
2.58813e+08;1.93416;5.37337
2.5941e+08;1.93693;5.38559
2.60008e+08;1.93972;5.39784
2.60607e+08;1.94251;5.41011
2.61208e+08;1.94532;5.42242
2.6181e+08;1.94814;5.43474
2.62414e+08;1.95098;5.4471
2.63019e+08;1.95382;5.45948
2.63625e+08;1.95668;5.4719
2.64233e+08;1.95956;5.48433
2.64842e+08;1.96245;5.4968
2.65452e+08;1.96535;5.50929
2.66064e+08;1.96826;5.52181
2.66678e+08;1.97119;5.53436
2.67293e+08;1.97413;5.54694
2.67909e+08;1.97708;5.55954
2.68526e+08;1.98005;5.57217
2.69145e+08;1.98303;5.58483
2.69766e+08;1.98603;5.59752
2.70388e+08;1.98904;5.61024
2.71011e+08;1.99206;5.62298
2.71636e+08;1.9951;5.63575
2.72262e+08;1.99815;5.64855
2.7289e+08;2.00121;5.66138
2.73519e+08;2.00429;5.67424
2.74149e+08;2.00739;5.68712
2.74781e+08;2.01049;5.70003
2.75415e+08;2.01362;5.71297
2.7605e+08;2.01675;5.72594
2.76686e+08;2.0199;5.73894
2.77324e+08;2.02307;5.75197
2.77963e+08;2.02625;5.76502
2.78604e+08;2.02944;5.77811
2.79246e+08;2.03265;5.79122
2.7989e+08;2.03588;5.80436
2.80535e+08;2.03911;5.81753
2.81182e+08;2.04237;5.83073
2.8183e+08;2.04564;5.84396
2.8248e+08;2.04892;5.85721
2.83131e+08;2.05222;5.8705
2.83784e+08;2.05553;5.88381
2.84438e+08;2.05886;5.89716
2.85094e+08;2.06221;5.91053
2.85751e+08;2.06557;5.92393
2.8641e+08;2.06894;5.93737
2.8707e+08;2.07233;5.95083
2.87732e+08;2.07574;5.96432
2.88395e+08;2.07916;5.97784
2.8906e+08;2.0826;5.99139
2.89726e+08;2.08605;6.00497
2.90394e+08;2.08952;6.01858
2.91063e+08;2.09301;6.03222
2.91734e+08;2.09651;6.04589
2.92407e+08;2.10003;6.05958
2.93081e+08;2.10356;6.07331
2.93757e+08;2.10712;6.08707
2.94434e+08;2.11068;6.10086
2.95113e+08;2.11427;6.11468
2.95793e+08;2.11787;6.12853
2.96475e+08;2.12148;6.14241
2.97158e+08;2.12511;6.15632
2.97843e+08;2.12876;6.17026
2.9853e+08;2.13243;6.18423
2.99218e+08;2.13611;6.19823
2.99908e+08;2.13981;6.21226
3.00599e+08;2.14353;6.22632
3.01292e+08;2.14727;6.24041
3.01987e+08;2.15102;6.25453
3.02683e+08;2.15479;6.26869
3.03381e+08;2.15857;6.28287
3.0408e+08;2.16238;6.29709
3.04781e+08;2.1662;6.31133
3.05484e+08;2.17004;6.32561
3.06188e+08;2.17389;6.33992
3.06894e+08;2.17777;6.35426
3.07601e+08;2.18166;6.36863
3.0831e+08;2.18557;6.38303
3.09021e+08;2.1895;6.39746
3.09734e+08;2.19344;6.41192
3.10448e+08;2.19741;6.42642
3.11163e+08;2.20139;6.44095
3.11881e+08;2.20539;6.4555
3.126e+08;2.20941;6.47009
3.1332e+08;2.21345;6.48471
3.14042e+08;2.21751;6.49937
3.14766e+08;2.22158;6.51405
3.15492e+08;2.22567;6.52877
3.16219e+08;2.22979;6.54352
3.16948e+08;2.23392;6.5583
3.17679e+08;2.23807;6.57311
3.18411e+08;2.24224;6.58795
3.19145e+08;2.24643;6.60283
3.19881e+08;2.25064;6.61774
3.20619e+08;2.25486;6.63268
3.21358e+08;2.25911;6.64765
3.22098e+08;2.26338;6.66265
3.22841e+08;2.26766;6.67769
3.23585e+08;2.27197;6.69276
3.24331e+08;2.2763;6.70786
3.25079e+08;2.28064;6.723
3.25828e+08;2.28501;6.73817
3.26579e+08;2.28939;6.75337
3.27332e+08;2.2938;6.7686
3.28087e+08;2.29822;6.78386
3.28843e+08;2.30267;6.79916
3.29601e+08;2.30714;6.81449
3.30361e+08;2.31162;6.82986
3.31123e+08;2.31613;6.84525
3.31886e+08;2.32066;6.86068
3.32651e+08;2.32521;6.87615
3.33418e+08;2.32978;6.89164
3.34187e+08;2.33437;6.90717
3.34957e+08;2.33899;6.92274
3.35729e+08;2.34362;6.93833
3.36503e+08;2.34828;6.95396
3.37279e+08;2.35295;6.96963
3.38056e+08;2.35765;6.98532
3.38836e+08;2.36237;7.00105
3.39617e+08;2.36711;7.01682
3.404e+08;2.37188;7.03261
3.41184e+08;2.37666;7.04845
3.41971e+08;2.38147;7.06431
3.42759e+08;2.3863;7.08021
3.43549e+08;2.39115;7.09614
3.44341e+08;2.39602;7.11211
3.45135e+08;2.40092;7.12811
3.45931e+08;2.40584;7.14415
3.46728e+08;2.41078;7.16022
3.47528e+08;2.41574;7.17632
3.48329e+08;2.42073;7.19246
3.49132e+08;2.42574;7.20863
3.49937e+08;2.43078;7.22484
3.50743e+08;2.43583;7.24108
3.51552e+08;2.44091;7.25736
3.52362e+08;2.44601;7.27367
3.53175e+08;2.45114;7.29001
3.53989e+08;2.45629;7.30639
3.54805e+08;2.46146;7.32281
3.55623e+08;2.46666;7.33925
3.56443e+08;2.47188;7.35574
3.57264e+08;2.47713;7.37226
3.58088e+08;2.4824;7.38881
3.58913e+08;2.48769;7.4054
3.59741e+08;2.49301;7.42203
3.6057e+08;2.49835;7.43869
3.61401e+08;2.50372;7.45538
3.62235e+08;2.50911;7.47211
3.6307e+08;2.51453;7.48888
3.63907e+08;2.51997;7.50568
3.64745e+08;2.52543;7.52252
3.65586e+08;2.53092;7.53939
3.66429e+08;2.53644;7.5563
3.67274e+08;2.54198;7.57324
3.6812e+08;2.54755;7.59022
3.68969e+08;2.55314;7.60723
3.6982e+08;2.55876;7.62428
3.70672e+08;2.56441;7.64137
3.71527e+08;2.57008;7.65849
3.72383e+08;2.57577;7.67565
3.73242e+08;2.5815;7.69285
3.74102e+08;2.58725;7.71008
3.74965e+08;2.59302;7.72735
3.75829e+08;2.59882;7.74465
3.76695e+08;2.60465;7.76199
3.77564e+08;2.61051;7.77936
3.78434e+08;2.61639;7.79678
3.79307e+08;2.6223;7.81423
3.80181e+08;2.62824;7.83171
3.81057e+08;2.6342;7.84923
3.81936e+08;2.64019;7.86679
3.82816e+08;2.64621;7.88439
3.83699e+08;2.65226;7.90202
3.84583e+08;2.65833;7.91969
3.8547e+08;2.66443;7.9374
3.86359e+08;2.67056;7.95514
3.87249e+08;2.67672;7.97292
3.88142e+08;2.68291;7.99074
3.89037e+08;2.68912;8.00859
3.89934e+08;2.69537;8.02648
3.90832e+08;2.70164;8.04441
3.91733e+08;2.70794;8.06238
3.92636e+08;2.71427;8.08038
3.93542e+08;2.72063;8.09842
3.94449e+08;2.72702;8.1165
3.95358e+08;2.73344;8.13461
3.9627e+08;2.73988;8.15277
3.97183e+08;2.74636;8.17096
3.98099e+08;2.75287;8.18919
3.99016e+08;2.7594;8.20745
3.99936e+08;2.76597;8.22576
4.00858e+08;2.77257;8.2441
4.01782e+08;2.77919;8.26248
4.02709e+08;2.78585;8.2809
4.03637e+08;2.79254;8.29935
4.04567e+08;2.79926;8.31785
4.055e+08;2.80601;8.33638
4.06435e+08;2.81279;8.35495
4.07372e+08;2.8196;8.37356
4.08311e+08;2.82644;8.39221
4.09252e+08;2.83332;8.41089
4.10196e+08;2.84022;8.42962
4.11141e+08;2.84716;8.44838
4.12089e+08;2.85413;8.46718
4.13039e+08;2.86113;8.48602
4.13991e+08;2.86816;8.5049
4.14946e+08;2.87523;8.52381
4.15902e+08;2.88233;8.54277
4.16861e+08;2.88946;8.56176
4.17822e+08;2.89662;8.5808
4.18785e+08;2.90382;8.59987
4.19751e+08;2.91105;8.61898
4.20718e+08;2.91831;8.63813
4.21688e+08;2.92561;8.65732
4.2266e+08;2.93294;8.67655
4.23635e+08;2.9403;8.69582
4.24611e+08;2.9477;8.71512
4.2559e+08;2.95513;8.73447
4.26571e+08;2.96259;8.75386
4.27555e+08;2.97009;8.77328
4.2854e+08;2.97762;8.79275
4.29528e+08;2.98519;8.81225
4.30518e+08;2.9928;8.83179
4.31511e+08;3.00043;8.85138
4.32505e+08;3.00811;8.871
4.33503e+08;3.01581;8.89066
4.34502e+08;3.02356;8.91037
4.35504e+08;3.03134;8.93011
4.36507e+08;3.03915;8.94989
4.37514e+08;3.047;8.96971
4.38522e+08;3.05489;8.98957
4.39533e+08;3.06281;9.00948
4.40547e+08;3.07077;9.02942
4.41562e+08;3.07876;9.0494
4.4258e+08;3.0868;9.06942
4.436e+08;3.09486;9.08949
4.44623e+08;3.10297;9.10959
4.45648e+08;3.11111;9.12973
4.46675e+08;3.11929;9.14992
4.47705e+08;3.12751;9.17014
4.48737e+08;3.13577;9.19041
4.49772e+08;3.14406;9.21071
4.50808e+08;3.15239;9.23106
4.51848e+08;3.16076;9.25145
4.52889e+08;3.16917;9.27187
4.53933e+08;3.17762;9.29234
4.5498e+08;3.1861;9.31285
4.56029e+08;3.19463;9.3334
4.5708e+08;3.20319;9.35399
4.58134e+08;3.21179;9.37463
4.5919e+08;3.22043;9.3953
4.60248e+08;3.22911;9.41601
4.61309e+08;3.23784;9.43677
4.62373e+08;3.2466;9.45756
4.63439e+08;3.2554;9.4784
4.64507e+08;3.26424;9.49928
4.65578e+08;3.27312;9.5202
4.66651e+08;3.28204;9.54116
4.67727e+08;3.29101;9.56216
4.68805e+08;3.30001;9.58321
4.69886e+08;3.30906;9.60429
4.70969e+08;3.31815;9.62542
4.72055e+08;3.32728;9.64659
4.73143e+08;3.33645;9.6678
4.74234e+08;3.34566;9.68905
4.75327e+08;3.35491;9.71034
4.76423e+08;3.36421;9.73168
4.77521e+08;3.37355;9.75306
4.78622e+08;3.38294;9.77448
4.79725e+08;3.39236;9.79594
4.80831e+08;3.40183;9.81744
4.8194e+08;3.41134;9.83898
4.83051e+08;3.4209;9.86057
4.84164e+08;3.4305;9.8822
4.8528e+08;3.44014;9.90387
4.86399e+08;3.44983;9.92558
4.8752e+08;3.45956;9.94734
4.88644e+08;3.46934;9.96914
4.89771e+08;3.47916;9.99097
4.909e+08;3.48903;10.0129
4.92031e+08;3.49894;10.0348
4.93166e+08;3.50889;10.0567
4.94303e+08;3.5189;10.0788
4.95442e+08;3.52894;10.1008
4.96584e+08;3.53904;10.1229
4.97729e+08;3.54918;10.145
4.98876e+08;3.55936;10.1672
5.00027e+08;3.5696;10.1894
5.01179e+08;3.57988;10.2117
5.02335e+08;3.59021;10.234
5.03493e+08;3.60058;10.2564
5.04653e+08;3.611;10.2788
5.05817e+08;3.62147;10.3012
5.06983e+08;3.63199;10.3237
5.08152e+08;3.64255;10.3462
5.09323e+08;3.65317;10.3687
5.10497e+08;3.66383;10.3914
5.11674e+08;3.67454;10.414
5.12853e+08;3.6853;10.4367
5.14036e+08;3.69611;10.4594
5.15221e+08;3.70697;10.4822
5.16409e+08;3.71788;10.505
5.17599e+08;3.72883;10.5279
5.18792e+08;3.73984;10.5508
5.19988e+08;3.7509;10.5738
5.21187e+08;3.76201;10.5968
5.22388e+08;3.77317;10.6198
5.23593e+08;3.78438;10.6429
5.248e+08;3.79564;10.666
5.26009e+08;3.80696;10.6892
5.27222e+08;3.81832;10.7124
5.28437e+08;3.82974;10.7356
5.29656e+08;3.84121;10.7589
5.30877e+08;3.85273;10.7823
5.32101e+08;3.8643;10.8057
5.33327e+08;3.87593;10.8291
5.34557e+08;3.88761;10.8526
5.35789e+08;3.89934;10.8761
5.37024e+08;3.91113;10.8996
5.38262e+08;3.92297;10.9232
5.39503e+08;3.93487;10.9469
5.40747e+08;3.94682;10.9706
5.41993e+08;3.95882;10.9943
5.43243e+08;3.97088;11.0181
5.44495e+08;3.98299;11.0419
5.4575e+08;3.99516;11.0658
5.47008e+08;4.00739;11.0897
5.48269e+08;4.01967;11.1136
5.49533e+08;4.032;11.1376
5.508e+08;4.04439;11.1617
5.5207e+08;4.05684;11.1857
5.53343e+08;4.06935;11.2099
5.54618e+08;4.08191;11.234
5.55897e+08;4.09453;11.2583
5.57178e+08;4.10721;11.2825
5.58463e+08;4.11995;11.3068
5.5975e+08;4.13274;11.3312
5.61041e+08;4.14559;11.3555
5.62334e+08;4.1585;11.38
5.6363e+08;4.17147;11.4045
5.6493e+08;4.1845;11.429
5.66232e+08;4.19759;11.4536
5.67537e+08;4.21074;11.4782
5.68846e+08;4.22394;11.5028
5.70157e+08;4.23721;11.5275
5.71471e+08;4.25054;11.5523
5.72789e+08;4.26393;11.577
5.74109e+08;4.27738;11.6019
5.75433e+08;4.29089;11.6268
5.76759e+08;4.30446;11.6517
5.78089e+08;4.3181;11.6766
5.79421e+08;4.33179;11.7016
5.80757e+08;4.34555;11.7267
5.82096e+08;4.35938;11.7518
5.83438e+08;4.37326;11.7769
5.84783e+08;4.38721;11.8021
5.86131e+08;4.40122;11.8273
5.87482e+08;4.41529;11.8526
5.88836e+08;4.42943;11.8779
5.90194e+08;4.44364;11.9033
5.91554e+08;4.45791;11.9287
5.92918e+08;4.47224;11.9541
5.94285e+08;4.48664;11.9796
5.95655e+08;4.5011;12.0052
5.97028e+08;4.51563;12.0307
5.98405e+08;4.53023;12.0564
5.99784e+08;4.54489;12.082
6.01167e+08;4.55962;12.1078
6.02553e+08;4.57441;12.1335
6.03942e+08;4.58928;12.1593
6.05334e+08;4.60421;12.1852
6.06729e+08;4.61921;12.211
6.08128e+08;4.63427;12.237
6.0953e+08;4.64941;12.263
6.10935e+08;4.66461;12.289
6.12343e+08;4.67989;12.315
6.13755e+08;4.69523;12.3412
6.1517e+08;4.71064;12.3673
6.16588e+08;4.72612;12.3935
6.1801e+08;4.74168;12.4197
6.19434e+08;4.7573;12.446
6.20862e+08;4.77299;12.4724
6.22293e+08;4.78876;12.4987
6.23728e+08;4.8046;12.5251
6.25166e+08;4.82051;12.5516
6.26607e+08;4.83649;12.5781
6.28052e+08;4.85254;12.6047
6.29499e+08;4.86867;12.6313
6.30951e+08;4.88487;12.6579
6.32405e+08;4.90114;12.6846
6.33863e+08;4.91749;12.7113
6.35324e+08;4.93391;12.7381
6.36789e+08;4.95041;12.7649
6.38257e+08;4.96698;12.7917
6.39728e+08;4.98362;12.8186
6.41203e+08;5.00035;12.8456
6.42681e+08;5.01714;12.8725
6.44163e+08;5.03402;12.8996
6.45648e+08;5.05097;12.9266
6.47136e+08;5.06799;12.9538
6.48628e+08;5.0851;12.9809
6.50123e+08;5.10228;13.0081
6.51622e+08;5.11954;13.0354
6.53124e+08;5.13687;13.0627
6.5463e+08;5.15429;13.09
6.56139e+08;5.17179;13.1174
6.57651e+08;5.18936;13.1448
6.59168e+08;5.20701;13.1722
6.60687e+08;5.22475;13.1997
6.6221e+08;5.24256;13.2273
6.63737e+08;5.26045;13.2549
6.65267e+08;5.27843;13.2825
6.66801e+08;5.29649;13.3102
6.68338e+08;5.31463;13.3379
6.69878e+08;5.33285;13.3657
6.71423e+08;5.35115;13.3935
6.72971e+08;5.36954;13.4213
6.74522e+08;5.388;13.4492
6.76077e+08;5.40656;13.4771
6.77635e+08;5.42519;13.5051
6.79198e+08;5.44391;13.5331
6.80763e+08;5.46272;13.5612
6.82333e+08;5.48161;13.5893
6.83906e+08;5.50058;13.6174
6.85482e+08;5.51965;13.6456
6.87062e+08;5.53879;13.6738
6.88646e+08;5.55803;13.7021
6.90234e+08;5.57735;13.7304
6.91825e+08;5.59676;13.7588
6.9342e+08;5.61625;13.7872
6.95018e+08;5.63583;13.8156
6.96621e+08;5.65551;13.8441
6.98227e+08;5.67527;13.8726
6.99836e+08;5.69512;13.9012
7.0145e+08;5.71506;13.9298
7.03067e+08;5.73509;13.9584
7.04687e+08;5.75521;13.9871
7.06312e+08;5.77542;14.0158
7.0794e+08;5.79572;14.0446
7.09572e+08;5.81611;14.0734
7.11208e+08;5.8366;14.1023
7.12847e+08;5.85717;14.1311
7.14491e+08;5.87784;14.1601
7.16138e+08;5.89861;14.189
7.17789e+08;5.91946;14.2181
7.19444e+08;5.94041;14.2471
7.21102e+08;5.96146;14.2762
7.22764e+08;5.9826;14.3053
7.24431e+08;6.00383;14.3345
7.26101e+08;6.02516;14.3637
7.27774e+08;6.04659;14.393
7.29452e+08;6.06811;14.4223
7.31134e+08;6.08973;14.4516
7.32819e+08;6.11145;14.481
7.34509e+08;6.13326;14.5104
7.36202e+08;6.15517;14.5398
7.37899e+08;6.17718;14.5693
7.396e+08;6.19929;14.5989
7.41305e+08;6.2215;14.6284
7.43014e+08;6.24381;14.658
7.44727e+08;6.26622;14.6877
7.46444e+08;6.28873;14.7174
7.48164e+08;6.31134;14.7471
7.49889e+08;6.33405;14.7769
7.51618e+08;6.35686;14.8067
7.53351e+08;6.37978;14.8365
7.55087e+08;6.4028;14.8664
7.56828e+08;6.42592;14.8963
7.58573e+08;6.44915;14.9262
7.60321e+08;6.47248;14.9562
7.62074e+08;6.49591;14.9862
7.63831e+08;6.51945;15.0163
7.65592e+08;6.5431;15.0464
7.67357e+08;6.56685;15.0766
7.69126e+08;6.59071;15.1067
7.70899e+08;6.61467;15.1369
7.72676e+08;6.63874;15.1672
7.74457e+08;6.66292;15.1975
7.76243e+08;6.68721;15.2278
7.78032e+08;6.7116;15.2581
7.79826e+08;6.73611;15.2885
7.81623e+08;6.76072;15.319
7.83425e+08;6.78545;15.3494
7.85231e+08;6.81028;15.3799
7.87041e+08;6.83523;15.4105
7.88856e+08;6.86029;15.441
7.90674e+08;6.88546;15.4716
7.92497e+08;6.91074;15.5023
7.94324e+08;6.93613;15.533
7.96155e+08;6.96164;15.5637
7.97991e+08;6.98726;15.5944
7.9983e+08;7.013;15.6252
8.01674e+08;7.03885;15.656
8.03522e+08;7.06482;15.6868
8.05374e+08;7.0909;15.7177
8.07231e+08;7.1171;15.7486
8.09092e+08;7.14341;15.7796
8.10957e+08;7.16984;15.8105
8.12827e+08;7.19639;15.8415
8.147e+08;7.22306;15.8726
8.16579e+08;7.24985;15.9037
8.18461e+08;7.27675;15.9348
8.20348e+08;7.30378;15.9659
8.22239e+08;7.33092;15.9971
8.24134e+08;7.35819;16.0283
8.26034e+08;7.38558;16.0595
8.27939e+08;7.41309;16.0908
8.29847e+08;7.44072;16.122
8.3176e+08;7.46847;16.1534
8.33678e+08;7.49635;16.1847
8.356e+08;7.52435;16.2161
8.37526e+08;7.55248;16.2475
8.39457e+08;7.58073;16.279
8.41392e+08;7.6091;16.3104
8.43331e+08;7.6376;16.3419
8.45276e+08;7.66623;16.3735
8.47224e+08;7.69499;16.405
8.49177e+08;7.72387;16.4366
8.51135e+08;7.75288;16.4682
8.53097e+08;7.78201;16.4998
8.55064e+08;7.81128;16.5315
8.57035e+08;7.84068;16.5632
8.59011e+08;7.8702;16.5949
8.60991e+08;7.89986;16.6267
8.62976e+08;7.92965;16.6584
8.64965e+08;7.95957;16.6902
8.66959e+08;7.98962;16.7221
8.68958e+08;8.01981;16.7539
8.70961e+08;8.05012;16.7858
8.72969e+08;8.08058;16.8177
8.74981e+08;8.11116;16.8496
8.76998e+08;8.14188;16.8816
8.7902e+08;8.17274;16.9135
8.81046e+08;8.20373;16.9455
8.83077e+08;8.23486;16.9776
8.85113e+08;8.26612;17.0096
8.87154e+08;8.29753;17.0417
8.89199e+08;8.32907;17.0738
8.91249e+08;8.36075;17.1059
8.93303e+08;8.39257;17.138
8.95362e+08;8.42453;17.1702
8.97427e+08;8.45663;17.2023
8.99495e+08;8.48887;17.2345
9.01569e+08;8.52125;17.2667
9.03647e+08;8.55378;17.299
9.05731e+08;8.58644;17.3312
9.07819e+08;8.61926;17.3635
9.09911e+08;8.65221;17.3958
9.12009e+08;8.68531;17.4281
9.14111e+08;8.71855;17.4604
9.16219e+08;8.75194;17.4928
9.18331e+08;8.78548;17.5252
9.20448e+08;8.81916;17.5575
9.2257e+08;8.85299;17.5899
9.24697e+08;8.88697;17.6224
9.26828e+08;8.92109;17.6548
9.28965e+08;8.95537;17.6872
9.31106e+08;8.98979;17.7197
9.33253e+08;9.02437;17.7522
9.35404e+08;9.05909;17.7847
9.37561e+08;9.09397;17.8172
9.39722e+08;9.129;17.8497
9.41888e+08;9.16418;17.8822
9.4406e+08;9.19952;17.9148
9.46236e+08;9.23501;17.9473
9.48417e+08;9.27065;17.9799
9.50604e+08;9.30645;18.0125
9.52795e+08;9.3424;18.0451
9.54992e+08;9.37851;18.0777
9.57193e+08;9.41478;18.1103
9.594e+08;9.45121;18.1429
9.61611e+08;9.48779;18.1755
9.63828e+08;9.52453;18.2082
9.6605e+08;9.56143;18.2408
9.68277e+08;9.59849;18.2735
9.70509e+08;9.63571;18.3061
9.72747e+08;9.6731;18.3388
9.74989e+08;9.71064;18.3715
9.77237e+08;9.74835;18.4042
9.7949e+08;9.78622;18.4368
9.81748e+08;9.82425;18.4695
9.84011e+08;9.86245;18.5022
9.86279e+08;9.90081;18.5349
9.88553e+08;9.93934;18.5676
9.90832e+08;9.97803;18.6003
9.93116e+08;10.0169;18.633
9.95405e+08;10.0559;18.6658
9.977e+08;10.0951;18.6985
1e+09;10.1345;18.7312
1.00231e+09;10.174;18.7639
1.00462e+09;10.2137;18.7966
1.00693e+09;10.2536;18.8293
1.00925e+09;10.2936;18.862
1.01158e+09;10.3339;18.8947
1.01391e+09;10.3742;18.9274
1.01625e+09;10.4148;18.9601
1.01859e+09;10.4555;18.9928
1.02094e+09;10.4965;19.0255
1.02329e+09;10.5375;19.0582
1.02565e+09;10.5788;19.0909
1.02802e+09;10.6202;19.1236
1.03039e+09;10.6619;19.1562
1.03276e+09;10.7036;19.1889
1.03514e+09;10.7456;19.2216
1.03753e+09;10.7878;19.2542
1.03992e+09;10.8301;19.2868
1.04232e+09;10.8726;19.3195
1.04472e+09;10.9153;19.3521
1.04713e+09;10.9582;19.3847
1.04954e+09;11.0012;19.4173
1.05196e+09;11.0445;19.4499
1.05439e+09;11.0879;19.4824
1.05682e+09;11.1315;19.515
1.05926e+09;11.1753;19.5475
1.0617e+09;11.2192;19.58
1.06414e+09;11.2634;19.6126
1.0666e+09;11.3078;19.645
1.06906e+09;11.3523;19.6775
1.07152e+09;11.397;19.71
1.07399e+09;11.4419;19.7424
1.07647e+09;11.487;19.7748
1.07895e+09;11.5323;19.8072
1.08144e+09;11.5778;19.8396
1.08393e+09;11.6235;19.872
1.08643e+09;11.6693;19.9043
1.08893e+09;11.7154;19.9366
1.09144e+09;11.7616;19.9689
1.09396e+09;11.8081;20.0011
1.09648e+09;11.8547;20.0334
1.09901e+09;11.9016;20.0656
1.10154e+09;11.9486;20.0978
1.10408e+09;11.9958;20.1299
1.10663e+09;12.0432;20.1621
1.10918e+09;12.0909;20.1942
1.11173e+09;12.1387;20.2262
1.1143e+09;12.1867;20.2583
1.11687e+09;12.2349;20.2903
1.11944e+09;12.2834;20.3222
1.12202e+09;12.332;20.3542
1.12461e+09;12.3808;20.3861
1.1272e+09;12.4298;20.4179
1.1298e+09;12.4791;20.4498
1.1324e+09;12.5285;20.4816
1.13501e+09;12.5781;20.5133
1.13763e+09;12.628;20.545
1.14025e+09;12.678;20.5767
1.14288e+09;12.7283;20.6084
1.14552e+09;12.7788;20.64
1.14816e+09;12.8294;20.6715
1.1508e+09;12.8803;20.703
1.15346e+09;12.9314;20.7345
1.15612e+09;12.9827;20.7659
1.15878e+09;13.0342;20.7973
1.16145e+09;13.0859;20.8286
1.16413e+09;13.1379;20.8599
1.16681e+09;13.19;20.8911
1.1695e+09;13.2424;20.9223
1.1722e+09;13.2949;20.9534
1.1749e+09;13.3477;20.9845
1.17761e+09;13.4007;21.0155
1.18033e+09;13.454;21.0465
1.18305e+09;13.5074;21.0774
1.18577e+09;13.561;21.1083
1.18851e+09;13.6149;21.1391
1.19125e+09;13.669;21.1699
1.19399e+09;13.7233;21.2005
1.19675e+09;13.7778;21.2312
1.1995e+09;13.8326;21.2617
1.20227e+09;13.8876;21.2922
1.20504e+09;13.9428;21.3227
1.20782e+09;13.9982;21.353
1.2106e+09;14.0538;21.3834
1.21339e+09;14.1097;21.4136
1.21619e+09;14.1658;21.4438
1.219e+09;14.2221;21.4739
1.22181e+09;14.2786;21.5039
1.22462e+09;14.3354;21.5339
1.22745e+09;14.3923;21.5638
1.23027e+09;14.4496;21.5936
1.23311e+09;14.507;21.6233
1.23595e+09;14.5647;21.653
1.2388e+09;14.6226;21.6826
1.24166e+09;14.6807;21.7121
1.24452e+09;14.7391;21.7415
1.24739e+09;14.7977;21.7709
1.25027e+09;14.8565;21.8002
1.25315e+09;14.9156;21.8293
1.25604e+09;14.9748;21.8584
1.25893e+09;15.0344;21.8875
1.26183e+09;15.0941;21.9164
1.26474e+09;15.1541;21.9452
1.26766e+09;15.2143;21.974
1.27058e+09;15.2748;22.0026
1.27351e+09;15.3355;22.0312
1.27645e+09;15.3964;22.0597
1.27939e+09;15.4576;22.0881
1.28234e+09;15.519;22.1163
1.28529e+09;15.5807;22.1445
1.28826e+09;15.6426;22.1726
1.29123e+09;15.7047;22.2006
1.2942e+09;15.7671;22.2285
1.29719e+09;15.8297;22.2563
1.30018e+09;15.8926;22.2839
1.30317e+09;15.9557;22.3115
1.30618e+09;16.019;22.339
1.30919e+09;16.0826;22.3663
1.31221e+09;16.1464;22.3936
1.31523e+09;16.2105;22.4207
1.31827e+09;16.2748;22.4477
1.3213e+09;16.3394;22.4746
1.32435e+09;16.4042;22.5014
1.3274e+09;16.4692;22.5281
1.33046e+09;16.5345;22.5546
1.33353e+09;16.6001;22.5811
1.3366e+09;16.6659;22.6074
1.33969e+09;16.7319;22.6335
1.34277e+09;16.7982;22.6596
1.34587e+09;16.8648;22.6855
1.34897e+09;16.9316;22.7113
1.35208e+09;16.9986;22.737
1.3552e+09;17.0659;22.7626
1.35832e+09;17.1335;22.788
1.36145e+09;17.2013;22.8132
1.36459e+09;17.2693;22.8384
1.36774e+09;17.3376;22.8634
1.37089e+09;17.4062;22.8882
1.37405e+09;17.475;22.913
1.37722e+09;17.5441;22.9375
1.38039e+09;17.6134;22.962
1.38358e+09;17.683;22.9862
1.38677e+09;17.7528;23.0104
1.38996e+09;17.8229;23.0344
1.39317e+09;17.8932;23.0582
1.39638e+09;17.9638;23.0819
1.3996e+09;18.0347;23.1054
1.40282e+09;18.1058;23.1288
1.40606e+09;18.1772;23.152
1.4093e+09;18.2488;23.175
1.41255e+09;18.3207;23.1979
1.41581e+09;18.3929;23.2207
1.41907e+09;18.4653;23.2432
1.42234e+09;18.5379;23.2656
1.42562e+09;18.6109;23.2878
1.42891e+09;18.6841;23.3099
1.4322e+09;18.7575;23.3318
1.4355e+09;18.8312;23.3535
1.43881e+09;18.9052;23.375
1.44213e+09;18.9794;23.3963
1.44545e+09;19.0539;23.4175
1.44878e+09;19.1287;23.4385
1.45212e+09;19.2037;23.4593
1.45547e+09;19.279;23.4799
1.45883e+09;19.3545;23.5003
1.46219e+09;19.4303;23.5205
1.46556e+09;19.5064;23.5406
1.46894e+09;19.5827;23.5604
1.47233e+09;19.6593;23.5801
1.47572e+09;19.7362;23.5995
1.47912e+09;19.8133;23.6187
1.48253e+09;19.8907;23.6378
1.48595e+09;19.9683;23.6566
1.48937e+09;20.0463;23.6753
1.49281e+09;20.1244;23.6937
1.49625e+09;20.2029;23.7119
1.4997e+09;20.2816;23.7299
1.50316e+09;20.3606;23.7477
1.50662e+09;20.4398;23.7653
1.51009e+09;20.5193;23.7826
1.51358e+09;20.5991;23.7997
1.51706e+09;20.6791;23.8166
1.52056e+09;20.7594;23.8333
1.52407e+09;20.84;23.8497
1.52758e+09;20.9208;23.866
1.5311e+09;21.0019;23.8819
1.53463e+09;21.0833;23.8977
1.53817e+09;21.1649;23.9132
1.54172e+09;21.2468;23.9285
1.54527e+09;21.329;23.9435
1.54883e+09;21.4114;23.9583
1.5524e+09;21.4941;23.9728
1.55598e+09;21.577;23.9871
1.55957e+09;21.6602;24.0012
1.56316e+09;21.7437;24.0149
1.56677e+09;21.8274;24.0285
1.57038e+09;21.9115;24.0418
1.574e+09;21.9957;24.0548
1.57763e+09;22.0803;24.0675
1.58126e+09;22.1651;24.08
1.58491e+09;22.2501;24.0922
1.58856e+09;22.3355;24.1042
1.59223e+09;22.421;24.1158
1.5959e+09;22.5069;24.1272
1.59958e+09;22.593;24.1384
1.60326e+09;22.6794;24.1492
1.60696e+09;22.766;24.1598
1.61066e+09;22.8529;24.17
1.61438e+09;22.9401;24.18
1.6181e+09;23.0275;24.1897
1.62183e+09;23.1152;24.1991
1.62557e+09;23.2031;24.2082
1.62931e+09;23.2913;24.217
1.63307e+09;23.3798;24.2256
1.63684e+09;23.4685;24.2338
1.64061e+09;23.5575;24.2417
1.64439e+09;23.6467;24.2493
1.64818e+09;23.7362;24.2566
1.65198e+09;23.826;24.2635
1.65579e+09;23.916;24.2702
1.65961e+09;24.0063;24.2765
1.66343e+09;24.0968;24.2826
1.66727e+09;24.1875;24.2883
1.67111e+09;24.2786;24.2936
1.67496e+09;24.3699;24.2987
1.67882e+09;24.4614;24.3034
1.68269e+09;24.5532;24.3078
1.68657e+09;24.6452;24.3118
1.69046e+09;24.7375;24.3155
1.69436e+09;24.83;24.3189
1.69826e+09;24.9228;24.3219
1.70218e+09;25.0158;24.3246
1.7061e+09;25.1091;24.3269
1.71004e+09;25.2026;24.3288
1.71398e+09;25.2964;24.3305
1.71793e+09;25.3904;24.3317
1.72189e+09;25.4847;24.3326
1.72586e+09;25.5792;24.3331
1.72984e+09;25.6739;24.3333
1.73383e+09;25.7689;24.3331
1.73782e+09;25.8641;24.3325
1.74183e+09;25.9596;24.3315
1.74584e+09;26.0553;24.3302
1.74987e+09;26.1512;24.3284
1.7539e+09;26.2474;24.3263
1.75795e+09;26.3438;24.3238
1.762e+09;26.4404;24.321
1.76606e+09;26.5373;24.3177
1.77013e+09;26.6344;24.314
1.77421e+09;26.7317;24.31
1.7783e+09;26.8292;24.3055
1.7824e+09;26.927;24.3006
1.78651e+09;27.025;24.2953
1.79063e+09;27.1233;24.2896
1.79476e+09;27.2217;24.2835
1.7989e+09;27.3204;24.277
1.80304e+09;27.4193;24.2701
1.8072e+09;27.5184;24.2627
1.81136e+09;27.6177;24.2549
1.81554e+09;27.7173;24.2467
1.81973e+09;27.817;24.2381
1.82392e+09;27.917;24.229
1.82813e+09;28.0172;24.2195
1.83234e+09;28.1175;24.2095
1.83656e+09;28.2181;24.1991
1.8408e+09;28.3189;24.1883
1.84504e+09;28.4199;24.177
1.84929e+09;28.5212;24.1653
1.85356e+09;28.6226;24.1531
1.85783e+09;28.7242;24.1404
1.86211e+09;28.826;24.1273
1.86641e+09;28.928;24.1137
1.87071e+09;29.0301;24.0997
1.87502e+09;29.1325;24.0852
1.87934e+09;29.2351;24.0702
1.88368e+09;29.3378;24.0547
1.88802e+09;29.4408;24.0388
1.89237e+09;29.5439;24.0224
1.89673e+09;29.6472;24.0055
1.90111e+09;29.7507;23.9881
1.90549e+09;29.8543;23.9702
1.90988e+09;29.9582;23.9519
1.91428e+09;30.0622;23.933
1.9187e+09;30.1663;23.9136
1.92312e+09;30.2707;23.8938
1.92755e+09;30.3752;23.8734
1.932e+09;30.4798;23.8525
1.93645e+09;30.5847;23.8311
1.94092e+09;30.6896;23.8092
1.94539e+09;30.7948;23.7868
1.94987e+09;30.9001;23.7638
1.95437e+09;31.0055;23.7404
1.95888e+09;31.1111;23.7164
1.96339e+09;31.2168;23.6919
1.96792e+09;31.3227;23.6668
1.97245e+09;31.4287;23.6412
1.977e+09;31.5348;23.6151
1.98156e+09;31.6411;23.5884
1.98613e+09;31.7475;23.5612
1.9907e+09;31.854;23.5335
1.99529e+09;31.9607;23.5052
1.99989e+09;32.0675;23.4763
2.0045e+09;32.1744;23.4469
2.00913e+09;32.2814;23.417
2.01376e+09;32.3885;23.3864
2.0184e+09;32.4958;23.3553
2.02305e+09;32.6031;23.3237
2.02772e+09;32.7106;23.2915
2.03239e+09;32.8181;23.2587
2.03708e+09;32.9258;23.2253
2.04177e+09;33.0335;23.1914
2.04648e+09;33.1413;23.1568
2.0512e+09;33.2492;23.1217
2.05592e+09;33.3572;23.086
2.06066e+09;33.4653;23.0497
2.06541e+09;33.5735;23.0129
2.07018e+09;33.6817;22.9754
2.07495e+09;33.79;22.9373
2.07973e+09;33.8984;22.8987
2.08453e+09;34.0068;22.8594
2.08933e+09;34.1153;22.8195
2.09415e+09;34.2238;22.779
2.09898e+09;34.3324;22.7379
2.10381e+09;34.441;22.6963
2.10866e+09;34.5497;22.6539
2.11353e+09;34.6584;22.611
2.1184e+09;34.7672;22.5675
2.12328e+09;34.876;22.5233
2.12818e+09;34.9848;22.4785
2.13308e+09;35.0936;22.4331
2.138e+09;35.2025;22.387
2.14293e+09;35.3113;22.3403
2.14787e+09;35.4202;22.293
2.15282e+09;35.5291;22.245
2.15778e+09;35.638;22.1964
2.16276e+09;35.7469;22.1472
2.16774e+09;35.8558;22.0973
2.17274e+09;35.9646;22.0468
2.17775e+09;36.0735;21.9956
2.18277e+09;36.1823;21.9438
2.1878e+09;36.2912;21.8913
2.19284e+09;36.3999;21.8382
2.1979e+09;36.5087;21.7844
2.20297e+09;36.6174;21.7299
2.20805e+09;36.7261;21.6748
2.21314e+09;36.8347;21.6191
2.21824e+09;36.9433;21.5626
2.22335e+09;37.0518;21.5055
2.22848e+09;37.1603;21.4478
2.23361e+09;37.2687;21.3893
2.23876e+09;37.377;21.3302
2.24392e+09;37.4852;21.2704
2.2491e+09;37.5934;21.21
2.25428e+09;37.7015;21.1488
2.25948e+09;37.8095;21.087
2.26469e+09;37.9174;21.0245
2.26991e+09;38.0252;20.9613
2.27514e+09;38.1329;20.8975
2.28039e+09;38.2404;20.8329
2.28564e+09;38.3479;20.7677
2.29091e+09;38.4552;20.7017
2.29619e+09;38.5625;20.6351
2.30149e+09;38.6695;20.5678
2.30679e+09;38.7765;20.4998
2.31211e+09;38.8833;20.4311
2.31744e+09;38.9899;20.3617
2.32278e+09;39.0964;20.2917
2.32814e+09;39.2028;20.2209
2.3335e+09;39.3089;20.1494
2.33888e+09;39.4149;20.0772
2.34427e+09;39.5208;20.0043
2.34968e+09;39.6264;19.9308
2.3551e+09;39.7319;19.8565
2.36052e+09;39.8371;19.7815
2.36597e+09;39.9422;19.7058
2.37142e+09;40.0471;19.6294
2.37689e+09;40.1517;19.5523
2.38237e+09;40.2562;19.4745
2.38786e+09;40.3604;19.396
2.39336e+09;40.4644;19.3168
2.39888e+09;40.5681;19.2368
2.40441e+09;40.6717;19.1562
2.40995e+09;40.7749;19.0749
2.41551e+09;40.8779;18.9928
2.42108e+09;40.9807;18.9101
2.42666e+09;41.0832;18.8266
2.43225e+09;41.1854;18.7424
2.43786e+09;41.2874;18.6575
2.44348e+09;41.3891;18.5719
2.44911e+09;41.4904;18.4856
2.45476e+09;41.5915;18.3986
2.46042e+09;41.6923;18.3109
2.46609e+09;41.7928;18.2224
2.47178e+09;41.893;18.1333
2.47747e+09;41.9928;18.0435
2.48319e+09;42.0924;17.9529
2.48891e+09;42.1916;17.8616
2.49465e+09;42.2904;17.7697
2.5004e+09;42.3889;17.677
2.50616e+09;42.4871;17.5836
2.51194e+09;42.5849;17.4895
2.51773e+09;42.6824;17.3947
2.52353e+09;42.7794;17.2992
2.52935e+09;42.8761;17.203
2.53518e+09;42.9725;17.1061
2.54103e+09;43.0684;17.0085
2.54689e+09;43.1639;16.9102
2.55276e+09;43.2591;16.8112
2.55864e+09;43.3538;16.7115
2.56454e+09;43.4481;16.6112
2.57045e+09;43.542;16.5101
2.57638e+09;43.6355;16.4083
2.58232e+09;43.7285;16.3058
2.58827e+09;43.8211;16.2027
2.59424e+09;43.9132;16.0988
2.60022e+09;44.0049;15.9943
2.60621e+09;44.0962;15.8891
2.61222e+09;44.1869;15.7832
2.61824e+09;44.2772;15.6766
2.62428e+09;44.3671;15.5694
2.63033e+09;44.4564;15.4615
2.63639e+09;44.5452;15.3529
2.64247e+09;44.6336;15.2436
2.64856e+09;44.7214;15.1336
2.65467e+09;44.8087;15.023
2.66079e+09;44.8955;14.9118
2.66692e+09;44.9818;14.7998
2.67307e+09;45.0676;14.6872
2.67923e+09;45.1528;14.574
2.68541e+09;45.2375;14.4601
2.6916e+09;45.3216;14.3455
2.6978e+09;45.4052;14.2303
2.70402e+09;45.4882;14.1145
2.71025e+09;45.5706;13.998
2.7165e+09;45.6525;13.8809
2.72276e+09;45.7337;13.7631
2.72904e+09;45.8144;13.6447
2.73533e+09;45.8945;13.5257
2.74164e+09;45.974;13.4061
2.74796e+09;46.0529;13.2858
2.75429e+09;46.1312;13.1649
2.76064e+09;46.2088;13.0434
2.76701e+09;46.2858;12.9213
2.77339e+09;46.3622;12.7986
2.77978e+09;46.438;12.6753
2.78619e+09;46.5131;12.5514
2.79261e+09;46.5876;12.4269
2.79905e+09;46.6614;12.3018
2.8055e+09;46.7345;12.1761
2.81197e+09;46.807;12.0498
2.81845e+09;46.8788;11.923
2.82495e+09;46.9499;11.7955
2.83146e+09;47.0203;11.6676
2.83799e+09;47.0901;11.539
2.84453e+09;47.1591;11.4099
2.85109e+09;47.2274;11.2803
2.85766e+09;47.2951;11.15
2.86425e+09;47.362;11.0193
2.87085e+09;47.4282;10.888
2.87747e+09;47.4936;10.7562
2.8841e+09;47.5583;10.6238
2.89075e+09;47.6223;10.4909
2.89741e+09;47.6856;10.3575
2.90409e+09;47.7481;10.2236
2.91079e+09;47.8098;10.0892
2.9175e+09;47.8708;9.95429
2.92422e+09;47.931;9.81887
2.93097e+09;47.9904;9.68296
2.93772e+09;48.0491;9.54657
2.94449e+09;48.107;9.40969
2.95128e+09;48.1641;9.27235
2.95809e+09;48.2204;9.13453
2.96491e+09;48.2759;8.99625
2.97174e+09;48.3306;8.85752
2.97859e+09;48.3845;8.71834
2.98546e+09;48.4376;8.57871
2.99234e+09;48.4899;8.43864
2.99924e+09;48.5414;8.29815
3.00615e+09;48.592;8.15723
3.01308e+09;48.6418;8.01589
3.02003e+09;48.6908;7.87414
3.02699e+09;48.7389;7.73198
3.03397e+09;48.7862;7.58943
3.04096e+09;48.8326;7.44648
3.04797e+09;48.8782;7.30315
3.055e+09;48.9229;7.15944
3.06204e+09;48.9668;7.01536
3.0691e+09;49.0098;6.87091
3.07618e+09;49.0519;6.7261
3.08327e+09;49.0932;6.58095
3.09038e+09;49.1336;6.43545
3.0975e+09;49.1731;6.28961
3.10464e+09;49.2117;6.14344
3.1118e+09;49.2494;5.99696
3.11897e+09;49.2863;5.85015
3.12616e+09;49.3222;5.70304
3.13337e+09;49.3573;5.55563
3.14059e+09;49.3915;5.40792
3.14783e+09;49.4247;5.25993
3.15509e+09;49.457;5.11166
3.16236e+09;49.4885;4.96312
3.16965e+09;49.519;4.81431
3.17696e+09;49.5486;4.66525
3.18428e+09;49.5773;4.51595
3.19162e+09;49.605;4.3664
3.19898e+09;49.6319;4.21662
3.20636e+09;49.6578;4.06661
3.21375e+09;49.6828;3.91639
3.22116e+09;49.7068;3.76596
3.22858e+09;49.7299;3.61533
3.23602e+09;49.7521;3.4645
3.24348e+09;49.7733;3.31349
3.25096e+09;49.7936;3.1623
3.25846e+09;49.813;3.01094
3.26597e+09;49.8314;2.85942
3.2735e+09;49.8489;2.70775
3.28104e+09;49.8654;2.55593
3.28861e+09;49.881;2.40398
3.29619e+09;49.8956;2.25189
3.30379e+09;49.9092;2.09968
3.3114e+09;49.922;1.94736
3.31904e+09;49.9337;1.79494
3.32669e+09;49.9445;1.64241
3.33436e+09;49.9544;1.4898
3.34204e+09;49.9632;1.33711
3.34975e+09;49.9712;1.18435
3.35747e+09;49.9781;1.03152
3.36521e+09;49.9841;0.878641
3.37297e+09;49.9892;0.725711
3.38074e+09;49.9933;0.572742
3.38854e+09;49.9964;0.419742
3.39635e+09;49.9985;0.266719
3.40418e+09;49.9997;0.113681
3.41203e+09;50;-0.0393619
3.41989e+09;49.9992;-0.192403
3.42778e+09;49.9975;-0.345434
3.43568e+09;49.9949;-0.498446
3.4436e+09;49.9913;-0.651432
3.45154e+09;49.9867;-0.804382
3.45949e+09;49.9812;-0.957288
3.46747e+09;49.9747;-1.11014
3.47546e+09;49.9672;-1.26294
3.48347e+09;49.9588;-1.41567
3.4915e+09;49.9494;-1.56832
3.49955e+09;49.9391;-1.72088
3.50762e+09;49.9278;-1.87335
3.51571e+09;49.9155;-2.02573
3.52381e+09;49.9023;-2.17799
3.53193e+09;49.8882;-2.33014
3.54008e+09;49.8731;-2.48216
3.54824e+09;49.857;-2.63404
3.55642e+09;49.84;-2.78579
3.56462e+09;49.8221;-2.93738
3.57283e+09;49.8032;-3.08882
3.58107e+09;49.7833;-3.24009
3.58933e+09;49.7625;-3.39119
3.5976e+09;49.7408;-3.54211
3.60589e+09;49.7182;-3.69284
3.61421e+09;49.6946;-3.84337
3.62254e+09;49.67;-3.99369
3.63089e+09;49.6446;-4.1438
3.63926e+09;49.6182;-4.29369
3.64765e+09;49.5909;-4.44335
3.65606e+09;49.5626;-4.59278
3.66449e+09;49.5335;-4.74196
3.67293e+09;49.5034;-4.89089
3.6814e+09;49.4724;-5.03956
3.68989e+09;49.4405;-5.18796
3.69839e+09;49.4077;-5.33609
3.70692e+09;49.374;-5.48393
3.71546e+09;49.3394;-5.63149
3.72403e+09;49.3039;-5.77875
3.73261e+09;49.2675;-5.9257
3.74122e+09;49.2301;-6.07235
3.74984e+09;49.192;-6.21867
3.75849e+09;49.1529;-6.36467
3.76715e+09;49.1129;-6.51033
3.77584e+09;49.0721;-6.65566
3.78454e+09;49.0304;-6.80063
3.79327e+09;48.9878;-6.94526
3.80201e+09;48.9443;-7.08952
3.81078e+09;48.9;-7.23341
3.81956e+09;48.8549;-7.37693
3.82837e+09;48.8088;-7.52006
3.83719e+09;48.762;-7.66281
3.84604e+09;48.7142;-7.80516
3.8549e+09;48.6657;-7.9471
3.86379e+09;48.6163;-8.08864
3.8727e+09;48.5661;-8.22977
3.88163e+09;48.515;-8.37047
3.89057e+09;48.4631;-8.51075
3.89954e+09;48.4104;-8.65059
3.90853e+09;48.3569;-8.78999
3.91754e+09;48.3026;-8.92894
3.92657e+09;48.2475;-9.06744
3.93563e+09;48.1915;-9.20548
3.9447e+09;48.1348;-9.34305
3.95379e+09;48.0773;-9.48016
3.96291e+09;48.019;-9.61679
3.97204e+09;47.96;-9.75293
3.9812e+09;47.9001;-9.88859
3.99038e+09;47.8395;-10.0238
3.99958e+09;47.7781;-10.1584
4.0088e+09;47.716;-10.2926
4.01804e+09;47.6531;-10.4262
4.0273e+09;47.5895;-10.5594
4.03658e+09;47.5251;-10.692
4.04589e+09;47.46;-10.824
4.05522e+09;47.3942;-10.9556
4.06456e+09;47.3276;-11.0866
4.07393e+09;47.2604;-11.2171
4.08333e+09;47.1924;-11.347
4.09274e+09;47.1237;-11.4764
4.10217e+09;47.0543;-11.6052
4.11163e+09;46.9842;-11.7335
4.12111e+09;46.9134;-11.8612
4.13061e+09;46.8419;-11.9883
4.14013e+09;46.7698;-12.1148
4.14968e+09;46.697;-12.2408
4.15924e+09;46.6235;-12.3662
4.16883e+09;46.5493;-12.491
4.17844e+09;46.4745;-12.6152
4.18807e+09;46.3991;-12.7388
4.19773e+09;46.323;-12.8618
4.20741e+09;46.2463;-12.9842
4.2171e+09;46.169;-13.106
4.22683e+09;46.091;-13.2272
4.23657e+09;46.0124;-13.3477
4.24634e+09;45.9332;-13.4677
4.25613e+09;45.8534;-13.587
4.26594e+09;45.773;-13.7057
4.27577e+09;45.692;-13.8238
4.28563e+09;45.6104;-13.9412
4.29551e+09;45.5283;-14.058
4.30541e+09;45.4455;-14.1742
4.31534e+09;45.3622;-14.2897
4.32528e+09;45.2784;-14.4045
4.33526e+09;45.194;-14.5188
4.34525e+09;45.109;-14.6323
4.35527e+09;45.0235;-14.7452
4.36531e+09;44.9375;-14.8575
4.37537e+09;44.851;-14.9691
4.38546e+09;44.7639;-15.08
4.39557e+09;44.6763;-15.1903
4.4057e+09;44.5882;-15.2999
4.41586e+09;44.4996;-15.4088
4.42604e+09;44.4105;-15.5171
4.43624e+09;44.3209;-15.6246
4.44647e+09;44.2309;-15.7315
4.45672e+09;44.1403;-15.8378
4.46699e+09;44.0493;-15.9433
4.47729e+09;43.9578;-16.0482
4.48761e+09;43.8659;-16.1523
4.49795e+09;43.7735;-16.2558
4.50832e+09;43.6807;-16.3586
4.51872e+09;43.5875;-16.4607
4.52913e+09;43.4938;-16.5622
4.53957e+09;43.3997;-16.6629
4.55004e+09;43.3051;-16.7629
4.56053e+09;43.2102;-16.8622
4.57104e+09;43.1148;-16.9609
4.58158e+09;43.0191;-17.0588
4.59214e+09;42.923;-17.1561
4.60273e+09;42.8264;-17.2526
4.61334e+09;42.7296;-17.3484
4.62397e+09;42.6323;-17.4436
4.63463e+09;42.5346;-17.538
4.64532e+09;42.4367;-17.6317
4.65603e+09;42.3383;-17.7247
4.66676e+09;42.2396;-17.8171
4.67752e+09;42.1406;-17.9087
4.6883e+09;42.0412;-17.9996
4.69911e+09;41.9415;-18.0898
4.70994e+09;41.8415;-18.1792
4.7208e+09;41.7412;-18.268
4.73168e+09;41.6405;-18.3561
4.74259e+09;41.5396;-18.4435
4.75352e+09;41.4383;-18.5301
4.76448e+09;41.3368;-18.616
4.77546e+09;41.235;-18.7013
4.78647e+09;41.1329;-18.7858
4.79751e+09;41.0305;-18.8696
4.80857e+09;40.9279;-18.9527
4.81965e+09;40.825;-19.0351
4.83076e+09;40.7218;-19.1168
4.8419e+09;40.6184;-19.1978
4.85306e+09;40.5148;-19.278
4.86425e+09;40.4109;-19.3576
4.87546e+09;40.3068;-19.4365
4.8867e+09;40.2025;-19.5146
4.89797e+09;40.0979;-19.5921
4.90926e+09;39.9932;-19.6688
4.92058e+09;39.8882;-19.7448
4.93192e+09;39.783;-19.8201
4.94329e+09;39.6777;-19.8948
4.95468e+09;39.5721;-19.9687
4.96611e+09;39.4664;-20.0419
4.97756e+09;39.3604;-20.1144
4.98903e+09;39.2543;-20.1862
5.00053e+09;39.1481;-20.2574
5.01206e+09;39.0417;-20.3278
5.02361e+09;38.9351;-20.3975
5.03519e+09;38.8284;-20.4665
5.0468e+09;38.7215;-20.5349
5.05844e+09;38.6145;-20.6025
5.0701e+09;38.5073;-20.6695
5.08178e+09;38.4;-20.7357
5.0935e+09;38.2926;-20.8013
5.10524e+09;38.1851;-20.8662
5.11701e+09;38.0775;-20.9304
5.12881e+09;37.9697;-20.9939
5.14063e+09;37.8619;-21.0567
5.15248e+09;37.7539;-21.1189
5.16436e+09;37.6459;-21.1804
5.17626e+09;37.5378;-21.2411
5.1882e+09;37.4296;-21.3013
5.20016e+09;37.3213;-21.3607
5.21215e+09;37.2129;-21.4195
5.22416e+09;37.1045;-21.4776
5.2362e+09;36.996;-21.535
5.24828e+09;36.8875;-21.5917
5.26037e+09;36.7788;-21.6478
5.2725e+09;36.6702;-21.7033
5.28466e+09;36.5615;-21.758
5.29684e+09;36.4528;-21.8121
5.30905e+09;36.344;-21.8656
5.32129e+09;36.2352;-21.9184
5.33355e+09;36.1264;-21.9705
5.34585e+09;36.0175;-22.022
5.35817e+09;35.9086;-22.0729
5.37053e+09;35.7998;-22.1231
5.38291e+09;35.6909;-22.1726
5.39532e+09;35.582;-22.2215
5.40775e+09;35.4731;-22.2698
5.42022e+09;35.3642;-22.3174
5.43272e+09;35.2553;-22.3644
5.44524e+09;35.1465;-22.4108
5.45779e+09;35.0376;-22.4565
5.47037e+09;34.9288;-22.5016
5.48298e+09;34.82;-22.5461
5.49562e+09;34.7112;-22.5899
5.50829e+09;34.6025;-22.6332
5.52099e+09;34.4938;-22.6758
5.53372e+09;34.3851;-22.7178
5.54648e+09;34.2765;-22.7592
5.55926e+09;34.168;-22.7999
5.57208e+09;34.0595;-22.8401
5.58492e+09;33.951;-22.8797
5.5978e+09;33.8426;-22.9186
5.6107e+09;33.7343;-22.957
5.62364e+09;33.626;-22.9947
5.6366e+09;33.5178;-23.0319
5.6496e+09;33.4097;-23.0685
5.66262e+09;33.3017;-23.1045
5.67567e+09;33.1937;-23.1398
5.68876e+09;33.0858;-23.1747
5.70187e+09;32.9781;-23.2089
5.71502e+09;32.8704;-23.2425
5.72819e+09;32.7628;-23.2756
5.7414e+09;32.6553;-23.3081
5.75463e+09;32.5479;-23.34
5.7679e+09;32.4406;-23.3714
5.78119e+09;32.3334;-23.4022
5.79452e+09;32.2263;-23.4324
5.80788e+09;32.1194;-23.4621
5.82127e+09;32.0125;-23.4912
5.83469e+09;31.9058;-23.5198
5.84814e+09;31.7992;-23.5478
5.86162e+09;31.6928;-23.5753
5.87513e+09;31.5864;-23.6022
5.88868e+09;31.4802;-23.6286
5.90225e+09;31.3741;-23.6545
5.91586e+09;31.2682;-23.6798
5.9295e+09;31.1624;-23.7045
5.94317e+09;31.0568;-23.7288
5.95687e+09;30.9512;-23.7525
5.9706e+09;30.8459;-23.7757
5.98436e+09;30.7407;-23.7984
5.99816e+09;30.6356;-23.8205
6.01199e+09;30.5307;-23.8422
6.02585e+09;30.426;-23.8633
6.03974e+09;30.3214;-23.8839
6.05366e+09;30.217;-23.904
6.06762e+09;30.1127;-23.9236
6.0816e+09;30.0087;-23.9428
6.09562e+09;29.9047;-23.9614
6.10968e+09;29.801;-23.9795
6.12376e+09;29.6974;-23.9971
6.13788e+09;29.594;-24.0142
6.15203e+09;29.4908;-24.0309
6.16621e+09;29.3878;-24.0471
6.18042e+09;29.285;-24.0628
6.19467e+09;29.1823;-24.078
6.20895e+09;29.0798;-24.0927
6.22327e+09;28.9776;-24.107
6.23761e+09;28.8755;-24.1208
6.25199e+09;28.7736;-24.1341
6.2664e+09;28.6719;-24.147
6.28085e+09;28.5704;-24.1594
6.29533e+09;28.4691;-24.1714
6.30984e+09;28.368;-24.1829
6.32439e+09;28.2671;-24.1939
6.33897e+09;28.1664;-24.2045
6.35358e+09;28.0659;-24.2147
6.36823e+09;27.9656;-24.2244
6.38291e+09;27.8655;-24.2337
6.39762e+09;27.7657;-24.2426
6.41237e+09;27.666;-24.251
6.42715e+09;27.5666;-24.259
6.44197e+09;27.4674;-24.2666
6.45682e+09;27.3684;-24.2737
6.4717e+09;27.2696;-24.2804
6.48662e+09;27.171;-24.2867
6.50158e+09;27.0727;-24.2926
6.51657e+09;26.9746;-24.2981
6.53159e+09;26.8767;-24.3032
6.54665e+09;26.779;-24.3078
6.56174e+09;26.6816;-24.3121
6.57686e+09;26.5844;-24.316
6.59203e+09;26.4874;-24.3194
6.60722e+09;26.3907;-24.3225
6.62245e+09;26.2941;-24.3252
6.63772e+09;26.1979;-24.3275
6.65302e+09;26.1018;-24.3294
6.66836e+09;26.006;-24.3309
6.68373e+09;25.9104;-24.332
6.69914e+09;25.8151;-24.3328
6.71458e+09;25.72;-24.3332
6.73006e+09;25.6251;-24.3332
6.74558e+09;25.5305;-24.3329
6.76113e+09;25.4361;-24.3322
6.77671e+09;25.342;-24.3311
6.79234e+09;25.2481;-24.3297
6.80799e+09;25.1545;-24.3279
6.82369e+09;25.0611;-24.3257
6.83942e+09;24.9679;-24.3232
6.85519e+09;24.875;-24.3204
6.87099e+09;24.7824;-24.3172
6.88683e+09;24.69;-24.3137
6.90271e+09;24.5978;-24.3098
6.91862e+09;24.5059;-24.3056
6.93457e+09;24.4143;-24.301
6.95055e+09;24.3229;-24.2961
6.96658e+09;24.2317;-24.2909
6.98264e+09;24.1408;-24.2854
6.99873e+09;24.0502;-24.2795
7.01487e+09;23.9598;-24.2733
7.03104e+09;23.8697;-24.2668
7.04725e+09;23.7798;-24.26
7.06349e+09;23.6902;-24.2529
7.07978e+09;23.6008;-24.2454
7.0961e+09;23.5117;-24.2377
7.11246e+09;23.4229;-24.2296
7.12885e+09;23.3343;-24.2212
7.14529e+09;23.2459;-24.2126
7.16176e+09;23.1579;-24.2036
7.17827e+09;23.0701;-24.1943
7.19482e+09;22.9825;-24.1848
7.2114e+09;22.8952;-24.1749
7.22803e+09;22.8082;-24.1648
7.24469e+09;22.7214;-24.1544
7.26139e+09;22.6349;-24.1437
7.27813e+09;22.5487;-24.1327
7.29491e+09;22.4627;-24.1214
7.31173e+09;22.377;-24.1099
7.32858e+09;22.2915;-24.098
7.34548e+09;22.2063;-24.086
7.36241e+09;22.1214;-24.0736
7.37938e+09;22.0367;-24.061
7.39639e+09;21.9523;-24.0481
7.41344e+09;21.8682;-24.035
7.43053e+09;21.7843;-24.0216
7.44766e+09;21.7007;-24.0079
7.46483e+09;21.6174;-23.994
7.48204e+09;21.5343;-23.9798
7.49929e+09;21.4515;-23.9654
7.51658e+09;21.3689;-23.9507
7.53391e+09;21.2867;-23.9358
7.55127e+09;21.2046;-23.9207
7.56868e+09;21.1229;-23.9053
7.58613e+09;21.0414;-23.8896
7.60362e+09;20.9602;-23.8738
7.62115e+09;20.8792;-23.8577
7.63872e+09;20.7985;-23.8413
7.65633e+09;20.7181;-23.8248
7.67398e+09;20.6379;-23.808
7.69167e+09;20.558;-23.7909
7.7094e+09;20.4784;-23.7737
7.72717e+09;20.399;-23.7562
7.74498e+09;20.3199;-23.7386
7.76284e+09;20.2411;-23.7207
7.78073e+09;20.1625;-23.7026
7.79867e+09;20.0842;-23.6842
7.81665e+09;20.0061;-23.6657
7.83467e+09;19.9284;-23.647
7.85273e+09;19.8509;-23.628
7.87083e+09;19.7736;-23.6089
7.88898e+09;19.6966;-23.5895
7.90716e+09;19.6199;-23.57
7.92539e+09;19.5434;-23.5502
7.94366e+09;19.4672;-23.5303
7.96197e+09;19.3913;-23.5101
7.98033e+09;19.3156;-23.4898
7.99873e+09;19.2402;-23.4693
8.01717e+09;19.1651;-23.4486
8.03565e+09;19.0902;-23.4277
8.05417e+09;19.0156;-23.4066
8.07274e+09;18.9412;-23.3854
8.09135e+09;18.8671;-23.3639
8.11e+09;18.7933;-23.3423
8.1287e+09;18.7197;-23.3205
8.14744e+09;18.6464;-23.2986
8.16622e+09;18.5733;-23.2764
8.18504e+09;18.5005;-23.2541
8.20391e+09;18.428;-23.2316
8.22283e+09;18.3557;-23.209
8.24178e+09;18.2837;-23.1862
8.26078e+09;18.2119;-23.1632
8.27983e+09;18.1404;-23.1401
8.29891e+09;18.0692;-23.1168
8.31804e+09;17.9982;-23.0933
8.33722e+09;17.9275;-23.0697
8.35644e+09;17.857;-23.046
8.3757e+09;17.7868;-23.022
8.39501e+09;17.7169;-22.998
8.41436e+09;17.6471;-22.9738
8.43376e+09;17.5777;-22.9494
8.4532e+09;17.5085;-22.9249
8.47269e+09;17.4396;-22.9003
8.49222e+09;17.3709;-22.8755
8.5118e+09;17.3025;-22.8505
8.53142e+09;17.2343;-22.8255
8.55109e+09;17.1664;-22.8003
8.5708e+09;17.0987;-22.7749
8.59056e+09;17.0313;-22.7494
8.61036e+09;16.9641;-22.7238
8.63021e+09;16.8972;-22.6981
8.65011e+09;16.8305;-22.6722
8.67005e+09;16.7641;-22.6462
8.69004e+09;16.6979;-22.6201
8.71007e+09;16.632;-22.5938
8.73015e+09;16.5663;-22.5675
8.75028e+09;16.5009;-22.541
8.77045e+09;16.4357;-22.5144
8.79067e+09;16.3708;-22.4876
8.81093e+09;16.3061;-22.4608
8.83124e+09;16.2417;-22.4338
8.8516e+09;16.1775;-22.4067
8.87201e+09;16.1136;-22.3796
8.89246e+09;16.0498;-22.3523
8.91296e+09;15.9864;-22.3248
8.93351e+09;15.9232;-22.2973
8.9541e+09;15.8602;-22.2697
8.97474e+09;15.7975;-22.242
8.99543e+09;15.735;-22.2141
9.01617e+09;15.6727;-22.1862
9.03695e+09;15.6107;-22.1582
9.05779e+09;15.5489;-22.13
9.07867e+09;15.4874;-22.1018
9.0996e+09;15.4261;-22.0735
9.12057e+09;15.3651;-22.045
9.1416e+09;15.3043;-22.0165
9.16267e+09;15.2437;-21.9879
9.1838e+09;15.1833;-21.9592
9.20497e+09;15.1232;-21.9304
9.22619e+09;15.0634;-21.9015
9.24746e+09;15.0037;-21.8725
9.26877e+09;14.9443;-21.8435
9.29014e+09;14.8851;-21.8143
9.31156e+09;14.8262;-21.7851
9.33302e+09;14.7675;-21.7558
9.35454e+09;14.709;-21.7264
9.3761e+09;14.6508;-21.6969
9.39772e+09;14.5928;-21.6674
9.41938e+09;14.535;-21.6377
9.4411e+09;14.4774;-21.608
9.46286e+09;14.4201;-21.5783
9.48468e+09;14.363;-21.5484
9.50654e+09;14.3061;-21.5185
9.52846e+09;14.2495;-21.4885
9.55042e+09;14.1931;-21.4584
9.57244e+09;14.1369;-21.4283
9.59451e+09;14.0809;-21.3981
9.61662e+09;14.0252;-21.3678
9.63879e+09;13.9696;-21.3374
9.66101e+09;13.9143;-21.307
9.68329e+09;13.8593;-21.2765
9.70561e+09;13.8044;-21.246
9.72798e+09;13.7498;-21.2154
9.75041e+09;13.6954;-21.1848
9.77289e+09;13.6412;-21.154
9.79542e+09;13.5872;-21.1233
9.818e+09;13.5334;-21.0924
9.84063e+09;13.4799;-21.0615
9.86332e+09;13.4266;-21.0306
9.88605e+09;13.3734;-20.9996
9.90884e+09;13.3206;-20.9685
9.93169e+09;13.2679;-20.9374
9.95458e+09;13.2154;-20.9063
9.97753e+09;13.1632;-20.8751
1.00005e+10;13.1111;-20.8438
1.00236e+10;13.0593;-20.8125
1.00467e+10;13.0077;-20.7812
1.00699e+10;12.9563;-20.7498
1.00931e+10;12.9051;-20.7183
1.01163e+10;12.8541;-20.6868
1.01397e+10;12.8033;-20.6553
1.0163e+10;12.7528;-20.6237
1.01865e+10;12.7024;-20.5921
1.02099e+10;12.6523;-20.5604
1.02335e+10;12.6023;-20.5287
1.02571e+10;12.5526;-20.497
1.02807e+10;12.503;-20.4652
1.03044e+10;12.4537;-20.4334
1.03282e+10;12.4046;-20.4016
1.0352e+10;12.3557;-20.3697
1.03758e+10;12.3069;-20.3377
1.03998e+10;12.2584;-20.3058
1.04237e+10;12.2101;-20.2738
1.04478e+10;12.162;-20.2418
1.04719e+10;12.1141;-20.2097
1.0496e+10;12.0663;-20.1776
1.05202e+10;12.0188;-20.1455
1.05444e+10;11.9715;-20.1134
1.05687e+10;11.9244;-20.0812
1.05931e+10;11.8774;-20.049
1.06175e+10;11.8307;-20.0168
1.0642e+10;11.7842;-19.9846
1.06665e+10;11.7378;-19.9523
1.06911e+10;11.6917;-19.92
1.07158e+10;11.6457;-19.8877
1.07405e+10;11.6;-19.8553
1.07652e+10;11.5544;-19.823
1.07901e+10;11.509;-19.7906
1.08149e+10;11.4638;-19.7582
1.08399e+10;11.4188;-19.7257
1.08649e+10;11.374;-19.6933
1.08899e+10;11.3294;-19.6608
1.0915e+10;11.2849;-19.6283
1.09402e+10;11.2407;-19.5958
1.09654e+10;11.1966;-19.5633
1.09907e+10;11.1527;-19.5308
1.1016e+10;11.109;-19.4982
1.10414e+10;11.0655;-19.4657
1.10669e+10;11.0222;-19.4331
1.10924e+10;10.9791;-19.4005
1.11179e+10;10.9361;-19.3679
1.11436e+10;10.8933;-19.3353
1.11693e+10;10.8507;-19.3027
1.1195e+10;10.8083;-19.2701
1.12208e+10;10.7661;-19.2374
1.12467e+10;10.724;-19.2048
1.12726e+10;10.6821;-19.1721
1.12986e+10;10.6404;-19.1394
1.13246e+10;10.5989;-19.1068
1.13507e+10;10.5576;-19.0741
1.13769e+10;10.5164;-19.0414
1.14031e+10;10.4754;-19.0087
1.14294e+10;10.4346;-18.976
1.14558e+10;10.3939;-18.9433
1.14822e+10;10.3534;-18.9106
1.15087e+10;10.3131;-18.8779
1.15352e+10;10.273;-18.8452
1.15618e+10;10.2331;-18.8125
1.15884e+10;10.1933;-18.7798
1.16151e+10;10.1537;-18.7471
1.16419e+10;10.1142;-18.7144
1.16688e+10;10.0749;-18.6816
1.16957e+10;10.0358;-18.6489
1.17226e+10;9.99688;-18.6162
1.17496e+10;9.95811;-18.5835
1.17767e+10;9.9195;-18.5508
1.18039e+10;9.88106;-18.5181
1.18311e+10;9.84278;-18.4854
1.18584e+10;9.80467;-18.4527
1.18857e+10;9.76672;-18.42
1.19131e+10;9.72893;-18.3873
1.19406e+10;9.69131;-18.3547
1.19681e+10;9.65385;-18.322
1.19957e+10;9.61655;-18.2893
1.20233e+10;9.57941;-18.2567
1.20511e+10;9.54243;-18.224
1.20788e+10;9.50561;-18.1914
1.21067e+10;9.46895;-18.1587
1.21346e+10;9.43245;-18.1261
1.21626e+10;9.39611;-18.0935
1.21906e+10;9.35992;-18.0609
1.22187e+10;9.32389;-18.0283
1.22469e+10;9.28802;-17.9957
1.22751e+10;9.2523;-17.9631
1.23034e+10;9.21673;-17.9306
1.23318e+10;9.18132;-17.898
1.23602e+10;9.14607;-17.8655
1.23887e+10;9.11096;-17.833
1.24172e+10;9.07601;-17.8004
1.24459e+10;9.04121;-17.768
1.24746e+10;9.00656;-17.7355
1.25033e+10;8.97207;-17.703
1.25321e+10;8.93772;-17.6705
1.2561e+10;8.90352;-17.6381
1.259e+10;8.86947;-17.6057
1.2619e+10;8.83557;-17.5733
1.26481e+10;8.80182;-17.5409
1.26773e+10;8.76821;-17.5085
1.27065e+10;8.73475;-17.4762
1.27358e+10;8.70143;-17.4438
1.27651e+10;8.66826;-17.4115
1.27946e+10;8.63524;-17.3792
1.28241e+10;8.60236;-17.3469
1.28536e+10;8.56962;-17.3146
1.28833e+10;8.53703;-17.2824
1.2913e+10;8.50458;-17.2502
1.29427e+10;8.47227;-17.218
1.29726e+10;8.4401;-17.1858
1.30025e+10;8.40807;-17.1536
1.30324e+10;8.37618;-17.1215
1.30625e+10;8.34444;-17.0894
1.30926e+10;8.31283;-17.0573
1.31228e+10;8.28136;-17.0252
1.3153e+10;8.25002;-16.9931
1.31834e+10;8.21883;-16.9611
1.32137e+10;8.18777;-16.9291
1.32442e+10;8.15685;-16.8971
1.32747e+10;8.12606;-16.8651
1.33053e+10;8.09541;-16.8332
1.3336e+10;8.06489;-16.8013
1.33668e+10;8.03451;-16.7694
1.33976e+10;8.00426;-16.7375
1.34285e+10;7.97415;-16.7057
1.34594e+10;7.94416;-16.6739
1.34904e+10;7.91431;-16.6421
1.35215e+10;7.88459;-16.6103
1.35527e+10;7.855;-16.5786
1.3584e+10;7.82554;-16.5469
1.36153e+10;7.79621;-16.5152
1.36467e+10;7.76701;-16.4836
1.36781e+10;7.73794;-16.4519
1.37096e+10;7.70899;-16.4203
1.37412e+10;7.68018;-16.3888
1.37729e+10;7.65149;-16.3572
1.38047e+10;7.62293;-16.3257
1.38365e+10;7.59449;-16.2942
1.38684e+10;7.56618;-16.2628
1.39004e+10;7.53799;-16.2314
1.39324e+10;7.50993;-16.2
1.39645e+10;7.482;-16.1686
1.39967e+10;7.45418;-16.1373
1.4029e+10;7.42649;-16.1059
1.40613e+10;7.39892;-16.0747
1.40937e+10;7.37148;-16.0434
1.41262e+10;7.34415;-16.0122
1.41588e+10;7.31695;-15.981
1.41914e+10;7.28986;-15.9499
1.42242e+10;7.2629;-15.9188
1.42569e+10;7.23605;-15.8877
1.42898e+10;7.20933;-15.8566
1.43228e+10;7.18272;-15.8256
1.43558e+10;7.15623;-15.7946
1.43889e+10;7.12986;-15.7636
1.4422e+10;7.10361;-15.7327
1.44553e+10;7.07747;-15.7018
1.44886e+10;7.05144;-15.671
1.4522e+10;7.02554;-15.6401
1.45555e+10;6.99975;-15.6093
1.4589e+10;6.97407;-15.5786
1.46227e+10;6.94851;-15.5479
1.46564e+10;6.92306;-15.5172
1.46902e+10;6.89772;-15.4865
1.4724e+10;6.8725;-15.4559
1.4758e+10;6.84738;-15.4253
1.4792e+10;6.82238;-15.3948
1.48261e+10;6.79749;-15.3642
1.48603e+10;6.77272;-15.3338
1.48945e+10;6.74805;-15.3033
1.49289e+10;6.72349;-15.2729
1.49633e+10;6.69904;-15.2425
1.49978e+10;6.6747;-15.2122
1.50324e+10;6.65047;-15.1819
1.5067e+10;6.62635;-15.1516
1.51017e+10;6.60233;-15.1214
1.51366e+10;6.57842;-15.0912
1.51715e+10;6.55462;-15.061
1.52064e+10;6.53092;-15.0309
1.52415e+10;6.50733;-15.0008
1.52766e+10;6.48384;-14.9708
1.53118e+10;6.46046;-14.9408
1.53471e+10;6.43719;-14.9108
1.53825e+10;6.41402;-14.8809
1.5418e+10;6.39095;-14.851
1.54535e+10;6.36798;-14.8211
1.54891e+10;6.34512;-14.7913
1.55249e+10;6.32236;-14.7615
1.55606e+10;6.2997;-14.7318
1.55965e+10;6.27714;-14.7021
1.56325e+10;6.25468;-14.6724
1.56685e+10;6.23232;-14.6428
1.57046e+10;6.21006;-14.6132
1.57408e+10;6.18791;-14.5837
1.57771e+10;6.16585;-14.5542
1.58135e+10;6.14389;-14.5247
1.58499e+10;6.12203;-14.4953
1.58865e+10;6.10026;-14.4659
1.59231e+10;6.0786;-14.4365
1.59598e+10;6.05703;-14.4072
1.59966e+10;6.03555;-14.3779
1.60335e+10;6.01418;-14.3487
1.60704e+10;5.9929;-14.3195
1.61075e+10;5.97171;-14.2904
1.61446e+10;5.95062;-14.2612
1.61818e+10;5.92962;-14.2322
1.62191e+10;5.90872;-14.2031
1.62565e+10;5.88791;-14.1741
1.6294e+10;5.8672;-14.1452
1.63316e+10;5.84658;-14.1163
1.63692e+10;5.82605;-14.0874
1.6407e+10;5.80561;-14.0586
1.64448e+10;5.78526;-14.0298
1.64827e+10;5.76501;-14.001
1.65207e+10;5.74484;-13.9723
1.65588e+10;5.72477;-13.9437
1.65969e+10;5.70479;-13.9151
1.66352e+10;5.6849;-13.8865
1.66736e+10;5.66509;-13.8579
1.6712e+10;5.64538;-13.8294
1.67505e+10;5.62575;-13.801
1.67891e+10;5.60621;-13.7726
1.68278e+10;5.58676;-13.7442
1.68666e+10;5.5674;-13.7159
1.69055e+10;5.54812;-13.6876
1.69445e+10;5.52893;-13.6593
1.69835e+10;5.50983;-13.6311
1.70227e+10;5.49081;-13.603
1.70619e+10;5.47188;-13.5748
1.71013e+10;5.45304;-13.5467
1.71407e+10;5.43427;-13.5187
1.71802e+10;5.4156;-13.4907
1.72198e+10;5.397;-13.4628
1.72595e+10;5.37849;-13.4349
1.72993e+10;5.36007;-13.407
1.73392e+10;5.34172;-13.3792
1.73792e+10;5.32346;-13.3514
1.74192e+10;5.30529;-13.3236
1.74594e+10;5.28719;-13.2959
1.74996e+10;5.26917;-13.2683
1.754e+10;5.25124;-13.2407
1.75804e+10;5.23339;-13.2131
1.76209e+10;5.21561;-13.1856
1.76615e+10;5.19792;-13.1581
1.77023e+10;5.18031;-13.1307
1.77431e+10;5.16278;-13.1033
1.7784e+10;5.14532;-13.0759
1.7825e+10;5.12795;-13.0486
1.78661e+10;5.11065;-13.0213
1.79072e+10;5.09343;-12.9941
1.79485e+10;5.07629;-12.9669
1.79899e+10;5.05922;-12.9398
1.80314e+10;5.04224;-12.9127
1.80729e+10;5.02533;-12.8857
1.81146e+10;5.00849;-12.8587
1.81564e+10;4.99173;-12.8317
1.81982e+10;4.97505;-12.8048
1.82402e+10;4.95844;-12.7779
1.82822e+10;4.94191;-12.7511
1.83244e+10;4.92545;-12.7243
1.83666e+10;4.90907;-12.6975
1.8409e+10;4.89276;-12.6708
1.84514e+10;4.87653;-12.6442
1.84939e+10;4.86036;-12.6176
1.85366e+10;4.84428;-12.591
1.85793e+10;4.82826;-12.5645
1.86221e+10;4.81231;-12.538
1.86651e+10;4.79644;-12.5116
1.87081e+10;4.78064;-12.4852
1.87512e+10;4.76491;-12.4588
1.87944e+10;4.74926;-12.4325
1.88378e+10;4.73367;-12.4062
1.88812e+10;4.71815;-12.38
1.89247e+10;4.70271;-12.3538
1.89683e+10;4.68733;-12.3277
1.90121e+10;4.67202;-12.3016
1.90559e+10;4.65678;-12.2756
1.90998e+10;4.64162;-12.2496
1.91439e+10;4.62652;-12.2236
1.9188e+10;4.61148;-12.1977
1.92322e+10;4.59652;-12.1719
1.92766e+10;4.58162;-12.146
1.9321e+10;4.5668;-12.1203
1.93655e+10;4.55203;-12.0945
1.94102e+10;4.53734;-12.0688
1.94549e+10;4.52271;-12.0432
1.94998e+10;4.50815;-12.0176
1.95447e+10;4.49365;-11.992
1.95898e+10;4.47922;-11.9665
1.9635e+10;4.46486;-11.941
1.96802e+10;4.45056;-11.9156
1.97256e+10;4.43632;-11.8902
1.97711e+10;4.42215;-11.8649
1.98166e+10;4.40805;-11.8396
1.98623e+10;4.394;-11.8144
1.99081e+10;4.38003;-11.7892
1.9954e+10;4.36611;-11.764
2e+10;4.35226;-11.7389
